Source,Target,Type,Id,Label,timeset,Weight,created_at
QuantifiedBob,Dan_Dascalescu,Directed,0,,,1,<[1457977217744.0]>
Krishnan,Patrik_Helenius,Directed,1,,,1,<[1481916320064.0]>
ankoshy,ejain,Directed,2,,,1,<[1472524981551.0]>
markwkoester,Eremolalos,Directed,3,,,1,<[1504857563531.0]>
cfuarte,ejain,Directed,4,,,2,"<[1557658780524.0, 1562073047375.0]>"
patbuen,theCyberMike,Directed,5,,,1,<[1468801483083.0]>
LNP,Agaricus,Directed,6,,,5,"<[1591384441731.0, 1593074263989.0, 1601736980453.0, 1602083546021.0, 1612975883455.0]>"
Agaricus,OP_Engr,Directed,7,,,3,"<[1481066692645.0, 1566837520378.0, 1596061411541.0]>"
Beau_Gunderson,ejain,Directed,8,,,1,<[1455647305693.0]>
michaelforrest,Shelbey,Directed,9,,,1,<[1606208047518.0]>
Justin_Lawler,IsaacGerg,Directed,10,,,2,"<[1498934620550.0, 1499365890340.0]>"
rickroyphd,ejain,Directed,11,,,2,"<[1545028448802.0, 1563219578826.0]>"
ejain,xbliss,Directed,12,,,3,"<[1495392979399.0, 1495476898146.0, 1500336322615.0]>"
rain8dome9,Guzik,Directed,13,,,1,<[1561599036225.0]>
Sergio,FORT_Simon,Directed,14,,,2,"<[1614847690957.0, 1615294012098.0]>"
cyberthal,Agaricus,Directed,15,,,2,"<[1575484163149.0, 1575570280964.0]>"
Agaricus,dgorski,Directed,16,,,2,"<[1565122518470.0, 1565808187486.0]>"
Justin_Lawler,Amit_Kohli,Directed,17,,,2,"<[1467185774536.0, 1470919361498.0]>"
cjroth,Skav,Directed,18,,,2,"<[1445040155826.0, 1445298758603.0]>"
Krishnan,ejain,Directed,19,,,1,<[1484347634017.0]>
azure,SharaRaqs,Directed,20,,,1,<[1537904732869.0]>
ejain,logos,Directed,21,,,2,"<[1506215537912.0, 1528060014622.0]>"
Kaido,Praxiteles,Directed,22,,,1,<[1492522801678.0]>
Froukje,dreeds,Directed,23,,,1,<[1595848926409.0]>
florian,lotusflyer,Directed,24,,,1,<[1484053861479.0]>
thinkerdog,Guzik,Directed,25,,,1,<[1542133320562.0]>
basisbreakdown,ejain,Directed,26,,,5,"<[1453310704924.0, 1453315320915.0, 1453749483922.0, 1455767302147.0, 1457456617631.0]>"
ejain,cfuarte,Directed,27,,,1,<[1557692198021.0]>
LNP,ejain,Directed,28,,,14,"<[1590911063372.0, 1591261658892.0, 1593158097548.0, 1597330723434.0, 1597933640508.0, 1600847789800.0, 1600942436618.0, 1601286646850.0, 1602669429985.0, 1604832019292.0, 1605454850075.0, 1610473297941.0, 1610639774174.0, 1610639956480.0]>"
Agaricus,ejain,Directed,29,,,9,"<[1473138975258.0, 1544820665355.0, 1544820885506.0, 1547601716182.0, 1556510179049.0, 1594221639440.0, 1596061522545.0, 1597332136182.0, 1602773993883.0]>"
JBL,Agaricus,Directed,30,,,1,<[1604215140449.0]>
gedankenstuecke,hermandevries,Directed,31,,,2,"<[1601301586872.0, 1604925649601.0]>"
Caroline17,Dan_Dascalescu,Directed,32,,,1,<[1483108022196.0]>
LNP,Guzik,Directed,34,,,3,"<[1601824995202.0, 1601893936700.0, 1601904317290.0]>"
ejain,QuantifiedBob,Directed,35,,,5,"<[1449762978571.0, 1454612322547.0, 1540774259732.0, 1551048615690.0, 1579374720630.0]>"
rain8dome9,Agaricus,Directed,36,,,15,"<[1565131859187.0, 1566968871975.0, 1566971588919.0, 1583463649743.0, 1590187034507.0, 1590686281652.0, 1591222787412.0, 1591380746215.0, 1593708808231.0, 1593823605676.0, 1594156176739.0, 1597691422362.0, 1598550527083.0, 1598656885825.0, 1599414359869.0]>"
gianlucatruda,Agaricus,Directed,37,,,4,"<[1534530829347.0, 1534873586642.0, 1535393073063.0, 1535394199038.0]>"
FirebrandAZ,BATBAT1,Directed,38,,,2,"<[1468385435739.0, 1469607427827.0]>"
pbaxi,basisbreakdown,Directed,39,,,3,"<[1453483639492.0, 1453930757627.0, 1453934520670.0]>"
gedankenstuecke,ejain,Directed,40,,,6,"<[1563205162681.0, 1582530295895.0, 1582622972257.0, 1584387617214.0, 1596116903003.0, 1611596331385.0]>"
Victor_Lee,ernesto,Directed,41,,,1,<[1445195467139.0]>
danwich,Lyuba247,Directed,42,,,1,<[1539573271575.0]>
Qot,ejain,Directed,43,,,2,"<[1483670485184.0, 1483816970755.0]>"
jjnz,ejain,Directed,44,,,1,<[1540123708198.0]>
JeremyGordon,Qek,Directed,45,,,1,<[1489850225291.0]>
Mikey_Sklar,Agaricus,Directed,46,,,1,<[1468603648934.0]>
rain8dome9,madprime,Directed,47,,,3,"<[1575249585115.0, 1576990761238.0, 1578538031360.0]>"
growwithlogan,Tahl,Directed,48,,,1,<[1545929416760.0]>
Adria,Stephen_Burger,Directed,49,,,1,<[1516615752303.0]>
Valeria_Pannunzio,Agaricus,Directed,50,,,5,"<[1552746571970.0, 1556113066762.0, 1557830607286.0, 1567077370547.0, 1569600428428.0]>"
roxx,justintimmer,Directed,51,,,1,<[1479784228358.0]>
LNP,tomlawrence,Directed,52,,,1,<[1597850814182.0]>
Valerie_Lanard,thinkerdog,Directed,53,,,1,<[1567540944716.0]>
kastan,petioptrv,Directed,54,,,1,<[1553011971061.0]>
Said_Bouziane,Said_Bouziane,Directed,55,,,1,<[1610318815720.0]>
nicbaz,jwillis84,Directed,56,,,5,"<[1455787506711.0, 1455924364354.0, 1456231367403.0, 1456231748010.0, 1456297507225.0]>"
Emily_Porter,chrisvdberge,Directed,57,,,4,"<[1486175286118.0, 1486176126149.0, 1486212564587.0, 1486215212285.0]>"
wkrasl,sergey,Directed,58,,,1,<[1542384758295.0]>
davidhead,QuantifiedBob,Directed,59,,,1,<[1580023640754.0]>
chrisvdberge,Marc_Mathys,Directed,60,,,8,"<[1484344955974.0, 1485105051653.0, 1485105526659.0, 1485106016390.0, 1485106163334.0, 1485854769502.0, 1485857147192.0, 1485872259973.0]>"
lotusflyer,QuantifiedBob,Directed,61,,,1,<[1466647861190.0]>
ejain,mookiebearapps,Directed,62,,,3,"<[1529688121019.0, 1543197176813.0, 1591681992357.0]>"
Agaricus,IsaacGerg,Directed,63,,,1,<[1494622429502.0]>
jwillis84,theCyberMike,Directed,64,,,10,"<[1456885371234.0, 1457058001890.0, 1457060743317.0, 1457070191149.0, 1457133443899.0, 1457233764237.0, 1457331206243.0, 1457403392137.0, 1457988331869.0, 1459009158733.0]>"
sprague,Agaricus,Directed,65,,,1,<[1557247392866.0]>
justinlmitchell,davedonohue,Directed,66,,,1,<[1479583626843.0]>
michaelforrest,Agaricus,Directed,67,,,3,"<[1595580248060.0, 1601453445021.0, 1602059614615.0]>"
justintimmer,Marquis_Butler,Directed,68,,,1,<[1483020446841.0]>
fiddur,Guzik,Directed,70,,,1,<[1541175076085.0]>
ejain,ejain,Directed,71,,,5,"<[1553151941687.0, 1553492627117.0, 1567215684663.0, 1584926276131.0, 1595307217605.0]>"
justintimmer,Josh_Schneider,Directed,72,,,1,<[1479722667316.0]>
schochlp,Tahl,Directed,73,,,1,<[1504645302979.0]>
Luke_Sleepwalker,cjboehne,Directed,74,,,1,<[1468948964814.0]>
Pygio,Agaricus,Directed,75,,,1,<[1506279776311.0]>
dans,ejain,Directed,76,,,5,"<[1580929902863.0, 1581274243190.0, 1582833332466.0, 1583039240032.0, 1585512299004.0]>"
rain8dome9,karlicoss,Directed,77,,,1,<[1602806259902.0]>
Emily_Porter,Marc_Mathys,Directed,78,,,3,"<[1486209656282.0, 1486221229355.0, 1486316584699.0]>"
gedankenstuecke,Agaricus,Directed,79,,,4,"<[1533053276764.0, 1595491750860.0, 1602869084221.0, 1607070066634.0]>"
gedankenstuecke,gedankenstuecke,Directed,80,,,2,"<[1577109569381.0, 1585075376300.0]>"
Mikey_Sklar,Elo,Directed,81,,,1,<[1478632318820.0]>
IsaacGerg,amishra123,Directed,82,,,1,<[1499082592918.0]>
johnadams,johnadams,Directed,83,,,1,<[1449602399461.0]>
Valeria_Pannunzio,ejain,Directed,84,,,3,"<[1556111785741.0, 1557830388738.0, 1558541293839.0]>"
Sergio,Agaricus,Directed,85,,,4,"<[1482322468359.0, 1489869532599.0, 1490758421625.0, 1559715704320.0]>"
PigsCanFly2day,Qek,Directed,86,,,1,<[1592109642339.0]>
dvdrjo,Valerie_Lanard,Directed,87,,,1,<[1474229503532.0]>
IvanDenis,jaklee,Directed,88,,,1,<[1577382076055.0]>
Jolly,Agaricus,Directed,89,,,1,<[1490839585045.0]>
ejain,Steven_Jonas,Directed,90,,,3,"<[1542835683868.0, 1544408580908.0, 1565917431124.0]>"
Jay_Aitchsee,BsleeperS,Directed,91,,,3,"<[1449703600627.0, 1449771576764.0, 1450398750841.0]>"
mathjeff,rain8dome9,Directed,92,,,2,"<[1608682700147.0, 1608780702148.0]>"
emilyb,Mikesleep,Directed,93,,,1,<[1565231554005.0]>
matus.konecny,AppKnomee,Directed,94,,,1,<[1565780186058.0]>
clif123,Jackie_Moon,Directed,95,,,1,<[1443635569147.0]>
stibeck,Alex_Bitman,Directed,96,,,1,<[1593859857843.0]>
justintimmer,Marc_Mathys,Directed,97,,,1,<[1485251903799.0]>
gjusaityte,Sergio,Directed,98,,,1,<[1600244834003.0]>
Justin_Lawler,JBL,Directed,99,,,1,<[1605029093754.0]>
Miro01,Miro01,Directed,100,,,1,<[1558544582109.0]>
LNP,JBDow,Directed,101,,,4,"<[1601995498947.0, 1602094098228.0, 1602143392703.0, 1602173689666.0]>"
rain8dome9,ejain,Directed,102,,,8,"<[1557613212477.0, 1566966643636.0, 1568776360499.0, 1585342638647.0, 1586704485833.0, 1592356676653.0, 1594318497536.0, 1600031222096.0]>"
dkrenik,ejain,Directed,103,,,2,"<[1587040607230.0, 1587127989715.0]>"
dragomir44,MySLOG,Directed,104,,,1,<[1553118546983.0]>
Agaricus,logos,Directed,105,,,1,<[1532374619303.0]>
kastan,ejain,Directed,106,,,1,<[1552685292663.0]>
dreeds,JSkellington,Directed,107,,,1,<[1594267304085.0]>
c0SM0s_zurich,xman2012,Directed,108,,,1,<[1588762182557.0]>
nez,laikalee,Directed,109,,,1,<[1482154497754.0]>
Dr_John,Agaricus,Directed,110,,,2,"<[1556065236257.0, 1556389520505.0]>"
ekerstein,sukazavr,Directed,111,,,2,"<[1612578791098.0, 1612591701862.0]>"
genomapp,davedonohue,Directed,113,,,1,<[1447763369087.0]>
ejain,chrisvdberge,Directed,114,,,2,"<[1484072208077.0, 1484157783659.0]>"
ejain,Justin_Lawler,Directed,115,,,1,<[1485900234768.0]>
rain8dome9,QuantifiedBob,Directed,117,,,1,<[1558060505595.0]>
rlong19,theCyberMike,Directed,119,,,1,<[1486067933852.0]>
Agaricus,Steven_Jonas,Directed,120,,,1,<[1469486842302.0]>
ejain,one_man_experiment,Directed,121,,,1,<[1593730848684.0]>
jina963,Elo,Directed,122,,,1,<[1494330493750.0]>
Steven_Jonas,mulhollandQS,Directed,123,,,1,<[1495930167335.0]>
danwich,pfh,Directed,124,,,1,<[1487107527856.0]>
mnem,DanHidalgo,Directed,125,,,1,<[1453913677680.0]>
QuantifiedBob,roxx,Directed,126,,,2,"<[1479253781346.0, 1479318253210.0]>"
amac0,nicbaz,Directed,127,,,4,"<[1456453175140.0, 1456527750175.0, 1456606270988.0, 1456675091766.0]>"
Beau_Gunderson,Beau_Gunderson,Directed,128,,,2,"<[1565369495271.0, 1565910995548.0]>"
BsleeperS,Jay_Aitchsee,Directed,129,,,2,"<[1449705564084.0, 1450371019929.0]>"
rickroyphd,rickroyphd,Directed,130,,,2,"<[1542067270423.0, 1545050162923.0]>"
greggostincar,uppereast1,Directed,131,,,1,<[1566806177236.0]>
Miro01,BrianJohnson,Directed,133,,,1,<[1559762787787.0]>
Abhishek_Anand,Mikey_Sklar,Directed,134,,,1,<[1488648196267.0]>
Agaricus,rain8dome9,Directed,135,,,5,"<[1567012836320.0, 1567052781429.0, 1591379503674.0, 1593472592301.0, 1596212991734.0]>"
ejain,OP_Engr,Directed,136,,,2,"<[1585166614935.0, 1596048803681.0]>"
CeyHello,Steven_Jonas,Directed,137,,,1,<[1465375533558.0]>
ejain,gbalfi,Directed,138,,,2,"<[1456685167392.0, 1456764442651.0]>"
Marc_Mathys,marcelvanderkuil,Directed,139,,,1,<[1486630936937.0]>
IoTool,_AmandaJW,Directed,140,,,1,<[1470995555898.0]>
LNP,dreeds,Directed,141,,,4,"<[1589908440885.0, 1591885934762.0, 1597330819345.0, 1598281845793.0]>"
ShannonConners,Dan_Dascalescu,Directed,142,,,1,<[1453926879184.0]>
Dipdap,Sergio,Directed,143,,,1,<[1597657784103.0]>
mookiebearapps,mookiebearapps,Directed,144,,,1,<[1466209101419.0]>
fiddur,judoman09,Directed,146,,,1,<[1550557612362.0]>
Zenner,Agaricus,Directed,147,,,1,<[1604682367165.0]>
Dan_Dascalescu,ejain,Directed,148,,,2,"<[1453882725743.0, 1485937138443.0]>"
maxaura,ejain,Directed,150,,,1,<[1554223843789.0]>
TheNotifiedSelf,Agaricus,Directed,151,,,1,<[1468684711418.0]>
robertson,Gill3362,Directed,152,,,1,<[1465580735523.0]>
Marquis_Butler,Dan_Dascalescu,Directed,153,,,1,<[1482339669349.0]>
Jaakko,Justin_Lawler,Directed,154,,,1,<[1465923233363.0]>
mica,ejain,Directed,155,,,1,<[1515885530548.0]>
Omri_Mendels,fiddur,Directed,156,,,2,"<[1540729043496.0, 1540815206438.0]>"
Infinome,c_BOSS,Directed,157,,,1,<[1463712466655.0]>
Amith_vikram_Rangara,viho,Directed,159,,,1,<[1491354566454.0]>
davidhead,ejain,Directed,160,,,2,"<[1581553528715.0, 1603329090511.0]>"
woodinblack,woodinblack,Directed,161,,,1,<[1472682241354.0]>
Agaricus,jeff_researcher,Directed,162,,,1,<[1483158646640.0]>
LNP,QuantifiedBob,Directed,163,,,1,<[1604741229697.0]>
IsaacGerg,sprague,Directed,164,,,1,<[1488373977592.0]>
fermion,Steven_Jonas,Directed,165,,,1,<[1564096916518.0]>
FORT_Simon,rain8dome9,Directed,166,,,3,"<[1615368867813.0, 1615453649517.0, 1616407379085.0]>"
Mdrangsholt,Agaricus,Directed,167,,,1,<[1611768098324.0]>
cporro,ejain,Directed,169,,,1,<[1510544524271.0]>
ejain,himynamesdave,Directed,171,,,1,<[1539912197687.0]>
Omer_Yildiz16,Albert_Braun,Directed,172,,,1,<[1489430895147.0]>
JessicaK,MySLOG,Directed,174,,,1,<[1552841722204.0]>
Mikkelsen,marcelvanderkuil,Directed,175,,,2,"<[1529476946583.0, 1529587070355.0]>"
Steven_Jonas,phxJack,Directed,176,,,1,<[1586303291847.0]>
anomalily,danwich,Directed,177,,,1,<[1486676055063.0]>
azure,rdthoms,Directed,178,,,1,<[1551469113578.0]>
xman2012,ejain,Directed,180,,,1,<[1602667601145.0]>
Suresh_Murthy,ejain,Directed,181,,,1,<[1584978770047.0]>
Mikey_Sklar,tachtevrenidis,Directed,182,,,1,<[1472477095110.0]>
marcelvanderkuil,Marc_Mathys,Directed,183,,,3,"<[1475431453367.0, 1481444061629.0, 1553670824610.0]>"
marcelvanderkuil,Mikkelsen,Directed,184,,,3,"<[1529349569930.0, 1529485462226.0, 1529652290263.0]>"
rdthoms,azure,Directed,185,,,1,<[1551451484029.0]>
anomalily,Emily_Porter,Directed,186,,,1,<[1486676089945.0]>
gedankenstuecke,sprague,Directed,187,,,1,<[1583333578621.0]>
madprime,ejain,Directed,188,,,3,"<[1567722294373.0, 1568861528474.0, 1573791948469.0]>"
OP_Engr,IsaacGerg,Directed,189,,,1,<[1487756259993.0]>
Agaricus,JonCousins,Directed,190,,,1,<[1611766803704.0]>
dreeds,LNP,Directed,191,,,2,"<[1592531455545.0, 1598335232290.0]>"
ejain,mica,Directed,192,,,1,<[1515868675260.0]>
fiddur,fiddur,Directed,193,,,3,"<[1515668789813.0, 1546959587426.0, 1550557780092.0]>"
dreeds,fiddur,Directed,194,,,2,"<[1550958744881.0, 1589608982016.0]>"
RubyJ,justintimmer,Directed,195,,,2,"<[1472565014346.0, 1472567066394.0]>"
c_BOSS,ejain,Directed,196,,,1,<[1463099773651.0]>
viho,Amith_vikram_Rangara,Directed,197,,,1,<[1491351777657.0]>
gianlucatruda,QuantifiedBob,Directed,198,,,2,"<[1535393734293.0, 1535396421661.0]>"
ejain,davidhead,Directed,199,,,1,<[1603325643280.0]>
LNP,Alex_Bitman,Directed,200,,,1,<[1604742066235.0]>
Jeshyr,ejain,Directed,201,,,1,<[1613361122823.0]>
marcusfoster,Dan_Dascalescu,Directed,202,,,2,"<[1453918010592.0, 1453918965798.0]>"
Marc_Mathys,Marc_Mathys,Directed,203,,,1,<[1485105987588.0]>
Agaricus,LEF,Directed,205,,,1,<[1616604308093.0]>
Marquis_Butler,justintimmer,Directed,206,,,1,<[1482340041470.0]>
Irene_Gabashvili,Jaakko,Directed,207,,,1,<[1466036485877.0]>
michaelforrest,rain8dome9,Directed,208,,,2,"<[1590050501215.0, 1595493674851.0]>"
mdavis,xman2012,Directed,209,,,1,<[1597768756799.0]>
Amith_vikram_Rangara,Agaricus,Directed,210,,,3,"<[1490398471197.0, 1490632895204.0, 1491081405970.0]>"
Jackemeyer,Siva_Raj,Directed,211,,,2,"<[1462327387143.0, 1462579427809.0]>"
Agaricus,Krishnan,Directed,212,,,1,<[1481324039817.0]>
dgorski,nikf91,Directed,213,,,1,<[1584464834257.0]>
Justin_Lawler,Marry,Directed,214,,,1,<[1475334720386.0]>
quantifiedlex,quantifiedlex,Directed,215,,,1,<[1478003261409.0]>
alexey,ejain,Directed,216,,,1,<[1596868492779.0]>
cyrbon,projreality,Directed,217,,,1,<[1459889616819.0]>
Emily_Porter,danwich,Directed,219,,,3,"<[1486090574933.0, 1489008858933.0, 1489023318562.0]>"
dreeds,Christopher,Directed,220,,,1,<[1597903814648.0]>
basisbreakdown,ShannonConners,Directed,221,,,1,<[1453932432844.0]>
Vitarecord,basisbreakdown,Directed,222,,,1,<[1455788488408.0]>
Roadkill0000,Dan_Dascalescu,Directed,224,,,1,<[1533214585285.0]>
JessicaK,Agaricus,Directed,226,,,3,"<[1552862316481.0, 1552862419405.0, 1594332252010.0]>"
ilmostromberg.com,A_Varyu,Directed,227,,,1,<[1614618291919.0]>
dans,Dan_Dascalescu,Directed,228,,,1,<[1581611872794.0]>
justintimmer,pmcg,Directed,229,,,1,<[1484565610505.0]>
MichaelJD,AmirMarashi,Directed,230,,,2,"<[1499674876638.0, 1500109872171.0]>"
srbd,ekerstein,Directed,231,,,1,<[1606008567129.0]>
davedonohue,Amith_vikram_Rangara,Directed,232,,,1,<[1489951052320.0]>
Sara,Beau_Gunderson,Directed,233,,,1,<[1565374993371.0]>
theCyberMike,zeakian,Directed,234,,,2,"<[1477296067080.0, 1477337023193.0]>"
LNP,Jan_Antolik,Directed,237,,,3,"<[1617193856190.0, 1617351720627.0, 1617449335713.0]>"
thinkerdog,Dan_Dascalescu,Directed,238,,,1,<[1559725238620.0]>
Steven_Jonas,Steven_Jonas,Directed,239,,,1,<[1469131430250.0]>
jina963,Jacky,Directed,240,,,1,<[1494331605208.0]>
ejain,AppKnomee,Directed,241,,,1,<[1527137251462.0]>
Steven_Jonas,rain8dome9,Directed,242,,,1,<[1544749815904.0]>
LNP,ekerstein,Directed,243,,,3,"<[1601286196166.0, 1605802856600.0, 1606018583215.0]>"
pfh,danwich,Directed,244,,,2,"<[1487106206315.0, 1487179840166.0]>"
roxx,QuantifiedBob,Directed,245,,,3,"<[1479252510468.0, 1479259084145.0, 1479325542769.0]>"
Justin_Lawler,justintimmer,Directed,247,,,2,"<[1469699372425.0, 1476866707307.0]>"
Dr_John,Nanodot,Directed,248,,,1,<[1557952736187.0]>
JessicaK,rain8dome9,Directed,252,,,1,<[1558745890957.0]>
ejain,LNP,Directed,253,,,9,"<[1591332401436.0, 1597291206717.0, 1597898300080.0, 1598520426982.0, 1599840850877.0, 1600888516562.0, 1601240118030.0, 1602692701046.0, 1610652999522.0]>"
azure,marytownjob,Directed,254,,,1,<[1541003757519.0]>
Elo,Agaricus,Directed,255,,,2,"<[1480548103119.0, 1493697435832.0]>"
Jan,Agaricus,Directed,256,,,1,<[1608586911583.0]>
WizardOfNomaha,lailazem,Directed,257,,,1,<[1521739469701.0]>
Said_Bouziane,OP_Engr,Directed,258,,,4,"<[1609541046522.0, 1609565021857.0, 1609620690460.0, 1610166326887.0]>"
danwich,saw2112,Directed,259,,,1,<[1506540370612.0]>
nez,justintimmer,Directed,260,,,1,<[1482154761634.0]>
Dr_John,quotidiansampler,Directed,261,,,3,"<[1556064855611.0, 1556312053564.0, 1556555244535.0]>"
sukazavr,ekerstein,Directed,262,,,2,"<[1612589131715.0, 1612590197525.0]>"
Steven_Jonas,danwich,Directed,263,,,1,<[1515695929588.0]>
pfh,saw2112,Directed,264,,,2,"<[1497335269780.0, 1497335317893.0]>"
CeyHello,lotusflyer,Directed,265,,,1,<[1466406035445.0]>
michaelforrest,LNP,Directed,266,,,1,<[1591085758219.0]>
Zeta,genomapp,Directed,267,,,1,<[1447801062785.0]>
chrisvdberge,ejain,Directed,268,,,3,"<[1484080953325.0, 1484161036999.0, 1485851150981.0]>"
rain8dome9,JessicaK,Directed,269,,,2,"<[1557797432747.0, 1558805163382.0]>"
Caffo,Kelly_Finn,Directed,270,,,1,<[1543956871658.0]>
MySLOG,dragomir44,Directed,271,,,2,"<[1553088809356.0, 1553149633887.0]>"
Meaghan,phenylalanine,Directed,272,,,1,<[1456028538500.0]>
Agaricus,azure,Directed,273,,,1,<[1533318539173.0]>
Kilost,matgessel,Directed,275,,,1,<[1494183747999.0]>
JessicaK,ejain,Directed,276,,,3,"<[1552696750447.0, 1552794767743.0, 1562014557684.0]>"
LNP,Justin_Lawler,Directed,277,,,2,"<[1605122309853.0, 1605288004900.0]>"
patbuen,Dan_Dascalescu,Directed,278,,,1,<[1466329060491.0]>
PigsCanFly2day,Agaricus,Directed,279,,,1,<[1559715190934.0]>
Sagado,Agaricus,Directed,280,,,1,<[1482852811218.0]>
ladybird,ejain,Directed,281,,,1,<[1609011462380.0]>
Katrin_Blanchare,TheNotifiedSelf,Directed,282,,,1,<[1573928561022.0]>
Steven_Jonas,ejain,Directed,283,,,3,"<[1542826825825.0, 1544749100773.0, 1568766809539.0]>"
Agaricus,Jolly,Directed,284,,,1,<[1490895658016.0]>
hyruga,Mikesleep,Directed,285,,,1,<[1566523747897.0]>
ejain,Agaricus,Directed,286,,,8,"<[1471479830319.0, 1473364034256.0, 1538592104794.0, 1548033418112.0, 1589432479987.0, 1590637308222.0, 1594191215068.0, 1596062526234.0]>"
ejain,ndp,Directed,288,,,2,"<[1469720371725.0, 1469816092646.0]>"
danwich,ejain,Directed,289,,,2,"<[1489002995364.0, 1505501501706.0]>"
Qek,meenakshsundaram,Directed,290,,,1,<[1493902577997.0]>
pfh,Emily_Porter,Directed,291,,,1,<[1487180533762.0]>
ejain,gedankenstuecke,Directed,292,,,3,"<[1562647952642.0, 1582604518599.0, 1585109640808.0]>"
Emily_Porter,Emily_Porter,Directed,293,,,3,"<[1486221514302.0, 1486221757116.0, 1486317836857.0]>"
xman2012,dreeds,Directed,294,,,1,<[1597922348630.0]>
saw2112,Jacob,Directed,295,,,1,<[1497117728392.0]>
madprime,gedankenstuecke,Directed,298,,,1,<[1577735590307.0]>
Zeta,IanC,Directed,299,,,1,<[1467621532299.0]>
chrisvdberge,QuantifiedBob,Directed,300,,,1,<[1485086301472.0]>
amishra123,ejain,Directed,301,,,1,<[1498980297678.0]>
matthewalangreen,matthewalangreen,Directed,302,,,1,<[1540411704029.0]>
calbucci,ejain,Directed,303,,,1,<[1445522806137.0]>
_AmandaJW,IoTool,Directed,304,,,1,<[1470924070963.0]>
jmccorison,ejain,Directed,305,,,1,<[1518928211584.0]>
justintimmer,Justin_Lawler,Directed,306,,,2,"<[1470571732871.0, 1490260603225.0]>"
rain8dome9,justin,Directed,307,,,1,<[1590686051832.0]>
Greg_Yeutter,michael.collins,Directed,308,,,2,"<[1494630919971.0, 1495496743500.0]>"
Jaakko,ejain,Directed,310,,,1,<[1465501423924.0]>
Tahl,ejain,Directed,311,,,2,"<[1500478552292.0, 1500506348371.0]>"
Marc_Mathys,nikf91,Directed,313,,,1,<[1530199874376.0]>
Elo,Dan_Dascalescu,Directed,314,,,1,<[1471480317589.0]>
ejain,Qot,Directed,315,,,2,"<[1483668839890.0, 1483814699699.0]>"
michael.collins,Justin_Lawler,Directed,316,,,1,<[1494617589116.0]>
lotusflyer,ejain,Directed,317,,,1,<[1466365386653.0]>
IsaacGerg,linrichard,Directed,318,,,1,<[1497558022577.0]>
Nomad,ejain,Directed,319,,,2,"<[1538443523975.0, 1539403926097.0]>"
Marc_Mathys,chrisvdberge,Directed,320,,,3,"<[1485105468598.0, 1485105790161.0, 1485868811773.0]>"
Jeshyr,rrnoortman,Directed,321,,,1,<[1615290557246.0]>
Agaricus,AnnaFranziskaMichel,Directed,322,,,1,<[1490393936540.0]>
jwillis84,nicbaz,Directed,323,,,6,"<[1455763468760.0, 1455868911521.0, 1456180395634.0, 1456487366649.0, 1456565518143.0, 1456566782135.0]>"
pdsqiash83,ejain,Directed,324,,,1,<[1479154242038.0]>
thinkerdog,Valerie_Lanard,Directed,325,,,1,<[1568740985691.0]>
marcelvanderkuil,Walletform,Directed,326,,,1,<[1538329450492.0]>
ejain,p2635,Directed,327,,,1,<[1518379756628.0]>
Al_Zambo,Steven_Jonas,Directed,328,,,1,<[1578878019862.0]>
QuantifiedBob,gwern,Directed,329,,,1,<[1463406889902.0]>
Adria,anthanto,Directed,331,,,1,<[1516616190693.0]>
Agaricus,dreeds,Directed,332,,,2,"<[1553900904361.0, 1561004604909.0]>"
Jay_Aitchsee,Jay_Aitchsee,Directed,333,,,1,<[1487423091075.0]>
Mikey_Sklar,Steven_Jonas,Directed,334,,,1,<[1490048701224.0]>
hyojunwoo,Dan_Dascalescu,Directed,335,,,1,<[1455612653022.0]>
madprime,rain8dome9,Directed,336,,,5,"<[1574777233002.0, 1575589910074.0, 1576969790185.0, 1577735106165.0, 1579904351279.0]>"
Yvonne,philippatterson,Directed,337,,,1,<[1450244780268.0]>
Dannysoos,basisbreakdown,Directed,338,,,1,<[1454630395816.0]>
Agaricus,gianlucatruda,Directed,339,,,3,"<[1534720117974.0, 1535058671624.0, 1535481977652.0]>"
basisbreakdown,pbaxi,Directed,340,,,3,"<[1453484524391.0, 1453925527286.0, 1453933154776.0]>"
LNP,rain8dome9,Directed,341,,,3,"<[1597754668679.0, 1598799724066.0, 1605552393507.0]>"
SergeyPoznyakAkvelon,dreeds,Directed,342,,,1,<[1596094950101.0]>
ejain,silver,Directed,343,,,1,<[1507308826932.0]>
hermandevries,gedankenstuecke,Directed,344,,,1,<[1604919228759.0]>
LNP,davidhead,Directed,345,,,2,"<[1601737305608.0, 1601824759801.0]>"
Agaricus,n8henrie,Directed,346,,,1,<[1447795732802.0]>
dgorski,rain8dome9,Directed,347,,,1,<[1564087306078.0]>
Marc_Mathys,Marry,Directed,348,,,1,<[1478328358749.0]>
Guzik,LNP,Directed,349,,,2,"<[1601886301654.0, 1601896042386.0]>"
ejain,basisbreakdown,Directed,350,,,2,"<[1453314795990.0, 1455776887701.0]>"
Agaricus,Valeria_Pannunzio,Directed,351,,,1,<[1567094808905.0]>
Agaricus,Rayo_Asoko,Directed,353,,,1,<[1577991792591.0]>
CharlesAlexandreRoy,LNP,Directed,354,,,2,"<[1597007981537.0, 1597072525946.0]>"
JBL,LNP,Directed,357,,,2,"<[1604215175506.0, 1604741193144.0]>"
davidhestrin,Justin_Lawler,Directed,358,,,1,<[1467283325915.0]>
ejain,Krishnan,Directed,360,,,1,<[1484345496665.0]>
justintimmer,Dan_Dascalescu,Directed,361,,,2,"<[1456479046889.0, 1482227308982.0]>"
Praxiteles,Kaido,Directed,362,,,1,<[1492590691305.0]>
florian,quicklime,Directed,364,,,2,"<[1483949646792.0, 1484053690734.0]>"
Agaricus,BadlandsBoredman,Directed,365,,,1,<[1582609595127.0]>
Praxiteles,OP_Engr,Directed,366,,,1,<[1481135136544.0]>
Justin_Lawler,xbliss,Directed,368,,,2,"<[1498934743911.0, 1500621225444.0]>"
xbliss,ejain,Directed,369,,,3,"<[1495399654367.0, 1497792208412.0, 1500237459409.0]>"
quantifiedketonian,ejain,Directed,370,,,1,<[1558655720492.0]>
FORT_Simon,Sergio,Directed,371,,,3,"<[1614846096267.0, 1614849365159.0, 1615279701087.0]>"
Steven_Jonas,QuantifiedBob,Directed,372,,,2,"<[1458068606234.0, 1516835709076.0]>"
QuantifiedBob,madprime,Directed,373,,,1,<[1567726763987.0]>
LNP,MickDee,Directed,375,,,2,"<[1600270146160.0, 1603640193711.0]>"
JBDow,LNP,Directed,376,,,2,"<[1602098755120.0, 1602162154552.0]>"
Agaricus,Agaricus,Directed,377,,,5,"<[1538575282351.0, 1567188199346.0, 1577994209370.0, 1595018430077.0, 1605489546410.0]>"
Jacob,Josh_Schneider,Directed,378,,,1,<[1489778959677.0]>
QuantifiedBob,Agaricus,Directed,379,,,6,"<[1477589062120.0, 1484776878580.0, 1488719870459.0, 1535207623513.0, 1537891904211.0, 1547042603545.0]>"
jackpark,Agaricus,Directed,380,,,1,<[1490925356861.0]>
j3rry,marcelvanderkuil,Directed,381,,,1,<[1538334750400.0]>
TheNotifiedSelf,Christian_Kleineidam,Directed,382,,,1,<[1468096594859.0]>
quotidiansampler,logos,Directed,383,,,1,<[1556820749687.0]>
ejain,MiaG,Directed,384,,,1,<[1527639079216.0]>
ejain,rain8dome9,Directed,385,,,5,"<[1585339243541.0, 1592368087872.0, 1594194424816.0, 1599853589733.0, 1600030536614.0]>"
Beau_Gunderson,Agaricus,Directed,386,,,4,"<[1565283050098.0, 1565289933111.0, 1565366444037.0, 1565910833331.0]>"
Sergio,ekerstein,Directed,387,,,1,<[1613366843317.0]>
rain8dome9,damadam,Directed,388,,,1,<[1606877873664.0]>
sigwolf,lotusflyer,Directed,389,,,2,"<[1466428162256.0, 1466680625205.0]>"
QuantifiedBob,Justin_Lawler,Directed,390,,,2,"<[1467121400774.0, 1471914029706.0]>"
davidhead,LNP,Directed,391,,,2,"<[1601588239040.0, 1601737841767.0]>"
Miro01,Agaricus,Directed,392,,,1,<[1558547066891.0]>
justintimmer,chrisvdberge,Directed,393,,,3,"<[1485093598004.0, 1485095027241.0, 1485095632669.0]>"
Monade,Charlotte,Directed,394,,,1,<[1496999674381.0]>
rain8dome9,Steven_Jonas,Directed,395,,,4,"<[1544839203029.0, 1561484152287.0, 1564010616318.0, 1564624913932.0]>"
Marc_Mathys,JBDow,Directed,396,,,1,<[1602065559533.0]>
alicia297,rsolfest,Directed,397,,,1,<[1493432065406.0]>
azure,gianlucatruda,Directed,398,,,2,"<[1533245911051.0, 1533679622404.0]>"
almi,duncan.banks,Directed,399,,,1,<[1485453153313.0]>
basisbreakdown,QuantifiedBob,Directed,402,,,1,<[1455815823110.0]>
rain8dome9,LNP,Directed,403,,,3,"<[1589920813149.0, 1598740773128.0, 1605566142745.0]>"
saw2112,pfh,Directed,404,,,1,<[1497334401910.0]>
Kevin_Walker,logos,Directed,405,,,1,<[1602496050616.0]>
Seanny123,Kelly_Finn,Directed,406,,,1,<[1542641417056.0]>
IsaacGerg,Mikey_Sklar,Directed,407,,,1,<[1521618621978.0]>
dreeds,ejain,Directed,408,,,1,<[1557696461235.0]>
cjroth,MollyMaloofMD,Directed,410,,,2,"<[1456188195295.0, 1456188219149.0]>"
Steven_Jonas,Monika1989,Directed,411,,,2,"<[1515628054469.0, 1516835214332.0]>"
sskaye,ejain,Directed,412,,,5,"<[1580080854160.0, 1580081388925.0, 1580102779662.0, 1581506298536.0, 1582554694988.0]>"
Valeria_Pannunzio,azure,Directed,413,,,1,<[1557838081779.0]>
QuantifiedBob,Luke_Sleepwalker,Directed,415,,,1,<[1468950725457.0]>
QSMacChan,LNP,Directed,416,,,1,<[1598803827857.0]>
Kelly_Finn,ejain,Directed,417,,,1,<[1543950166959.0]>
Jamie.Lucier,Schurger,Directed,420,,,1,<[1487119899875.0]>
BsleeperS,woodinblack,Directed,422,,,4,"<[1449174947236.0, 1449177081651.0, 1449179403000.0, 1450389432092.0]>"
nicbaz,woodinblack,Directed,423,,,1,<[1455586120036.0]>
Skav,TheNotifiedSelf,Directed,425,,,1,<[1470648155804.0]>
jakobeglarsen,dans,Directed,427,,,1,<[1582891318739.0]>
Elo,pmcg,Directed,428,,,1,<[1483922656745.0]>
PigsCanFly2day,fiddur,Directed,429,,,1,<[1548877447845.0]>
rtbz,ernesto,Directed,430,,,1,<[1495649117967.0]>
ejain,marcelvanderkuil,Directed,432,,,1,<[1539543055107.0]>
thinkerdog,thinkerdog,Directed,433,,,3,"<[1541626362942.0, 1556322294763.0, 1567404790630.0]>"
anitha,ejain,Directed,434,,,1,<[1552443758490.0]>
_AmandaJW,Cor-Jan,Directed,435,,,1,<[1471066502857.0]>
mookiebearapps,Agaricus,Directed,437,,,3,"<[1467586159087.0, 1535159299562.0, 1535672533078.0]>"
davidrusu,rain8dome9,Directed,438,,,2,"<[1617244544696.0, 1617248613607.0]>"
Kiipo_Chris,azure,Directed,439,,,1,<[1582695908593.0]>
mookiebearapps,ejain,Directed,440,,,5,"<[1484358898836.0, 1536157200324.0, 1543286826459.0, 1583582619768.0, 1591646115663.0]>"
judoman09,fiddur,Directed,441,,,1,<[1550717274249.0]>
ilmostromberg.com,kerstinxx,Directed,442,,,1,<[1603108235416.0]>
madprime,Steven_Jonas,Directed,443,,,1,<[1562113765085.0]>
QuantifiedBob,Steven_Jonas,Directed,445,,,1,<[1516843954330.0]>
LNP,karlicoss,Directed,446,,,1,<[1616579483758.0]>
EricSF,chrisvdberge,Directed,447,,,1,<[1484345935657.0]>
Steven_Jonas,dreeds,Directed,448,,,2,"<[1563931151270.0, 1564093463063.0]>"
Yan,ejain,Directed,450,,,2,"<[1483459126713.0, 1483541407428.0]>"
HashDefine,RubyJ,Directed,452,,,1,<[1472837978784.0]>
michaelforrest,ejain,Directed,453,,,7,"<[1591000889366.0, 1594281685401.0, 1594369554258.0, 1595494142701.0, 1595656517239.0, 1596010934614.0, 1596096099402.0]>"
JessicaK,madprime,Directed,454,,,2,"<[1562014474083.0, 1562019494550.0]>"
chrisvdberge,Justin_Lawler,Directed,455,,,1,<[1484065116682.0]>
rain8dome9,FORT_Simon,Directed,456,,,2,"<[1615433890346.0, 1615490518259.0]>"
davedonohue,Dan_Dascalescu,Directed,457,,,1,<[1445476451423.0]>
Agaricus,marcelvanderkuil,Directed,458,,,1,<[1479100492471.0]>
granadajose,CSWotton,Directed,459,,,2,"<[1528211575645.0, 1528223638006.0]>"
justintimmer,EricSF,Directed,460,,,1,<[1476217214438.0]>
lotusflyer,basisbreakdown,Directed,461,,,1,<[1466719777507.0]>
Eric_Rassman,Eric_Rassman,Directed,462,,,1,<[1534282425450.0]>
Said_Bouziane,Steven_Jonas,Directed,463,,,2,"<[1590806797518.0, 1590808732608.0]>"
Elo,ScreenAware,Directed,464,,,1,<[1494376154432.0]>
tachtevrenidis,IoTool,Directed,465,,,1,<[1472449475696.0]>
Pavel_Zakharov,Ralf_Rademacher,Directed,466,,,1,<[1493706169557.0]>
QuantifiedBob,ejain,Directed,467,,,2,"<[1550676935871.0, 1567721274678.0]>"
siddharth,Agaricus,Directed,469,,,1,<[1494741564069.0]>
Agaricus,edie,Directed,470,,,2,"<[1552091125222.0, 1552152287168.0]>"
Agaricus,sskaye,Directed,471,,,2,"<[1580848961290.0, 1583281898454.0]>"
davedonohue,katrin48,Directed,472,,,1,<[1475891400568.0]>
chrisvdberge,dnurzynski,Directed,473,,,1,<[1486023732599.0]>
reblaw,Sergio,Directed,474,,,1,<[1482950444081.0]>
madprime,IoTool,Directed,475,,,1,<[1472224103308.0]>
justintimmer,Hango,Directed,478,,,1,<[1450471026340.0]>
marcelvanderkuil,QuantifiedBob,Directed,480,,,1,<[1543168042711.0]>
thefedoration,Agaricus,Directed,481,,,2,"<[1609625494349.0, 1609881236998.0]>"
IsaacGerg,Justin_Lawler,Directed,483,,,1,<[1499083520770.0]>
cjroth,Dan_Dascalescu,Directed,486,,,1,<[1445306496477.0]>
IsaacGerg,ejain,Directed,487,,,4,"<[1485290324541.0, 1494593827312.0, 1494613642354.0, 1494617798087.0]>"
Frances,QuantifiedBob,Directed,490,,,1,<[1547353930238.0]>
sujit,sushisuzuki,Directed,491,,,1,<[1533000263991.0]>
Sagado,Luke_Sleepwalker,Directed,492,,,2,"<[1468998621297.0, 1471192343744.0]>"
dwCo,dwstclair,Directed,493,,,1,<[1585946490522.0]>
rain8dome9,rain8dome9,Directed,494,,,8,"<[1557848677146.0, 1562263254114.0, 1593709445094.0, 1594650858905.0, 1596145152130.0, 1598234562377.0, 1599415172784.0, 1600876059092.0]>"
silver,ejain,Directed,495,,,1,<[1507221685293.0]>
Ouiouian,Steven_Jonas,Directed,496,,,1,<[1492162127475.0]>
JessicaK,mookiebearapps,Directed,497,,,1,<[1552840847627.0]>
ryqiem,ejain,Directed,498,,,1,<[1539255945848.0]>
dgorski,brownhci,Directed,500,,,1,<[1584465919699.0]>
JazzCorner,JeremyGordon,Directed,501,,,1,<[1490611501691.0]>
LNP,logos,Directed,502,,,1,<[1601203949230.0]>
Agaricus,Mike,Directed,505,,,1,<[1596547878819.0]>
jkridner,carsondarling,Directed,506,,,1,<[1447427619973.0]>
Agaricus,viho,Directed,508,,,2,"<[1484771900450.0, 1485298173876.0]>"
michaelforrest,Said_Bouziane,Directed,509,,,3,"<[1590049639257.0, 1595580801450.0, 1595924095922.0]>"
uxgreg,Jason_Miller,Directed,510,,,1,<[1453703528971.0]>
entrifis,davidhead,Directed,511,,,1,<[1601737931890.0]>
Agaricus,corbenspears,Directed,512,,,1,<[1595882140899.0]>
p2635,dmartin,Directed,513,,,1,<[1518214224912.0]>
Luke_Sleepwalker,Cor-Jan,Directed,514,,,1,<[1471281879774.0]>
Said_Bouziane,ejain,Directed,515,,,3,"<[1590270084702.0, 1590918818021.0, 1610166401295.0]>"
Marquis_Butler,mosca,Directed,518,,,1,<[1481844844565.0]>
Justin_Lawler,QuantifiedBob,Directed,519,,,1,<[1477151376817.0]>
Agaricus,Nomad,Directed,520,,,1,<[1538575618563.0]>
kappa962,Agaricus,Directed,521,,,2,"<[1474825318942.0, 1474943403254.0]>"
dreeds,Agaricus,Directed,523,,,4,"<[1553890348045.0, 1553916569160.0, 1589429957526.0, 1589608648119.0]>"
rrnoortman,fellyf3l,Directed,524,,,1,<[1615801611652.0]>
Nath,Agaricus,Directed,525,,,1,<[1468907183519.0]>
rain8dome9,davidhead,Directed,527,,,2,"<[1617246827578.0, 1617247377258.0]>"
myastark,ladybird,Directed,528,,,1,<[1612896066291.0]>
Agaricus,thinkerdog,Directed,529,,,1,<[1556383918502.0]>
Agaricus,Liam91,Directed,530,,,1,<[1569434386406.0]>
Charlotte,Monade,Directed,531,,,2,"<[1496948609914.0, 1497007165772.0]>"
Agaricus,justin,Directed,532,,,1,<[1591132579267.0]>
dangerousdashie,madprime,Directed,533,,,1,<[1579545624118.0]>
Josh_Schneider,justintimmer,Directed,534,,,1,<[1489675683936.0]>
ejain,saw2112,Directed,535,,,1,<[1497374498989.0]>
matthewalangreen,Steven_Jonas,Directed,537,,,1,<[1540348777927.0]>
Nicholas_Cameron,Agaricus,Directed,539,,,1,<[1605115683000.0]>
markwkoester,logos,Directed,540,,,1,<[1507453540825.0]>
nicbaz,Crazypedia,Directed,541,,,2,"<[1455602855963.0, 1455758877092.0]>"
sprague,IsaacGerg,Directed,542,,,2,"<[1488305882748.0, 1488325361198.0]>"
one_man_experiment,LNP,Directed,544,,,1,<[1593980663453.0]>
IsaacGerg,IsaacGerg,Directed,545,,,1,<[1488247618448.0]>
sgak,Agaricus,Directed,546,,,1,<[1475654867597.0]>
Jacky,OP_Engr,Directed,548,,,1,<[1494439501768.0]>
ejain,amishra123,Directed,550,,,1,<[1499188935016.0]>
LNP,one_man_experiment,Directed,551,,,1,<[1593937927891.0]>
Dr.Strangelove,QuantifiedBob,Directed,552,,,1,<[1481597917052.0]>
Said_Bouziane,Dan_Dascalescu,Directed,553,,,2,"<[1609807557169.0, 1609990646332.0]>"
LNP,measuredme,Directed,555,,,1,<[1607535106008.0]>
viho,viho,Directed,556,,,1,<[1521503624992.0]>
dwstclair,ejain,Directed,557,,,2,"<[1565154898321.0, 1565184645830.0]>"
sprague,dgartenberg,Directed,558,,,1,<[1555345430981.0]>
logos,markwkoester,Directed,560,,,1,<[1507303662249.0]>
sprague,gronowski,Directed,561,,,1,<[1509310899448.0]>
madprime,dangerousdashie,Directed,562,,,1,<[1577736256326.0]>
sskaye,Agaricus,Directed,564,,,3,"<[1580309838959.0, 1580310000516.0, 1580968495974.0]>"
ejain,dans,Directed,566,,,1,<[1582910579519.0]>
myastark,Jeshyr,Directed,567,,,1,<[1612896016832.0]>
Liam91,This_is_not_my_real_,Directed,568,,,1,<[1569418506157.0]>
andrew123,rain8dome9,Directed,570,,,1,<[1598238116372.0]>
Nomad,Agaricus,Directed,573,,,1,<[1538604286524.0]>
ejain,diegoegonzalez,Directed,575,,,1,<[1540937484807.0]>
ejain,sgak,Directed,577,,,1,<[1474419405400.0]>
Luke_Sleepwalker,Tashi689,Directed,579,,,1,<[1476385642245.0]>
entrifis,samirelanduk,Directed,581,,,1,<[1601738010690.0]>
ejain,dmartin,Directed,582,,,1,<[1509914995195.0]>
Cor-Jan,Luke_Sleepwalker,Directed,583,,,1,<[1471088775295.0]>
ilmostromberg.com,Agaricus,Directed,584,,,1,<[1607017146433.0]>
Agaricus,Dave_Albert,Directed,585,,,1,<[1535138056507.0]>
dangerousdashie,Agaricus,Directed,586,,,1,<[1579545401211.0]>
willempienaar,Amit_Kohli,Directed,587,,,1,<[1473728368677.0]>
BATBAT1,FirebrandAZ,Directed,590,,,1,<[1468179003480.0]>
logos,LNP,Directed,591,,,1,<[1601144306945.0]>
Agaricus,jamesflood1,Directed,592,,,1,<[1528176053950.0]>
QSMacChan,Marc_Mathys,Directed,595,,,1,<[1598471757707.0]>
Denis_Malkov,basisbreakdown,Directed,596,,,1,<[1459980719097.0]>
laikalee,lotusflyer,Directed,598,,,1,<[1484070933028.0]>
Elo,Luke_Sleepwalker,Directed,599,,,1,<[1471303186749.0]>
shashwatpradhan,mariacrosas,Directed,600,,,2,"<[1455865242192.0, 1468433832820.0]>"
Chuqi_Zeng,HughFennell,Directed,601,,,1,<[1548778959233.0]>
Praxiteles,danwich,Directed,603,,,1,<[1494566450530.0]>
logos,ejain,Directed,604,,,2,"<[1506269611658.0, 1528047191759.0]>"
dreeds,Froukje,Directed,606,,,1,<[1595533772627.0]>
myrhyme,DaveD,Directed,607,,,1,<[1537923354352.0]>
rain8dome9,michaelforrest,Directed,608,,,1,<[1596137129130.0]>
Kelly_Finn,azure,Directed,609,,,1,<[1545341423404.0]>
Marc_Mathys,Agaricus,Directed,610,,,1,<[1486758921250.0]>
kastan,fiddur,Directed,614,,,1,<[1549588736174.0]>
pdsqiash83,HelloAsuka,Directed,615,,,1,<[1481599795933.0]>
Tex_ARMY_FISTER,InghamNigel,Directed,616,,,1,<[1452463477033.0]>
rain8dome9,samirelanduk,Directed,619,,,1,<[1602308077253.0]>
Pavel_Zakharov,Tiziano_Munerato,Directed,620,,,1,<[1493706217508.0]>
Albert_Braun,Albert_Braun,Directed,621,,,1,<[1476220533529.0]>
ewhitley,bensima,Directed,623,,,1,<[1456935979190.0]>
gedankenstuecke,pkuhar,Directed,624,,,1,<[1584028342158.0]>
ADHDOptimized,LNP,Directed,625,,,1,<[1614697008075.0]>
edie,Agaricus,Directed,626,,,1,<[1552091001147.0]>
Nan_S,kddata,Directed,628,,,1,<[1607431735234.0]>
dans,Kiipo_Chris,Directed,631,,,2,"<[1583039076936.0, 1583122051469.0]>"
Crazypedia,EricSF,Directed,633,,,1,<[1476229731970.0]>
Ebrucia1,AnnaFranziskaMichel,Directed,635,,,1,<[1535929695126.0]>
azure,Agaricus,Directed,636,,,1,<[1494607283251.0]>
Steven_Jonas,Said_Bouziane,Directed,637,,,1,<[1590801952583.0]>
Marc_Mathys,QuantifiedBob,Directed,638,,,1,<[1535225537910.0]>
Agaricus,davidhead,Directed,639,,,1,<[1603379554075.0]>
Agaricus,Benjamin_Smarr,Directed,640,,,2,"<[1533000437030.0, 1533054857691.0]>"
Heleana_Quartey,HashDefine,Directed,641,,,1,<[1473124346042.0]>
dangerousdashie,ejain,Directed,645,,,1,<[1571420198127.0]>
alexey,Agaricus,Directed,646,,,1,<[1598509593997.0]>
mdavis,tomlawrence,Directed,649,,,1,<[1597846377041.0]>
Adria,Potassium,Directed,650,,,2,"<[1510316640583.0, 1510576511880.0]>"
linrichard,QuantifiedBob,Directed,651,,,1,<[1488866048331.0]>
davidhead,dreeds,Directed,652,,,1,<[1586625195970.0]>
Yan,Agaricus,Directed,654,,,1,<[1483541368179.0]>
quantifiedlex,QuantifiedBob,Directed,658,,,1,<[1478004663426.0]>
bookemdano,peterhatoz,Directed,659,,,1,<[1550379627327.0]>
Joshua_Mark,ejain,Directed,661,,,1,<[1466454183270.0]>
camper2,rain8dome9,Directed,662,,,1,<[1563295396406.0]>
rain8dome9,davidrusu,Directed,663,,,2,"<[1617246422492.0, 1617249183430.0]>"
gedankenstuecke,Yaroslav_Bulatov,Directed,664,,,1,<[1610098783373.0]>
linrichard,boomer,Directed,665,,,1,<[1488929871433.0]>
martinspanjaard,OP_Engr,Directed,666,,,1,<[1478439653126.0]>
OP_Engr,Dan_Dascalescu,Directed,667,,,1,<[1464946252361.0]>
Pavel_Zakharov,deeevader,Directed,668,,,1,<[1473768688505.0]>
ejain,cjroth,Directed,669,,,1,<[1485117512577.0]>
marcelvanderkuil,ejain,Directed,670,,,2,"<[1539520905784.0, 1539593650339.0]>"
QuantifiedBob,pmcg,Directed,672,,,2,"<[1483577930569.0, 1483579514970.0]>"
LNP,Robin_Groenke,Directed,673,,,4,"<[1599742664266.0, 1599835367646.0, 1600794937510.0, 1605686953005.0]>"
Said_Bouziane,Agaricus,Directed,674,,,8,"<[1589644845456.0, 1590627737446.0, 1591405701386.0, 1595154689817.0, 1609533766148.0, 1609620485154.0, 1610487675337.0, 1612770611959.0]>"
Agaricus,saw2112,Directed,675,,,1,<[1496210886992.0]>
ernesto,ernesto,Directed,676,,,1,<[1495643686285.0]>
Stephen_Burger,xbliss,Directed,677,,,1,<[1500043348944.0]>
OP_Engr,mazz1,Directed,678,,,1,<[1445444101069.0]>
logos,Dr_John,Directed,679,,,1,<[1556660010898.0]>
timpyrkov,Dan_Dascalescu,Directed,680,,,1,<[1556485938225.0]>
Justin_Lawler,Valerie_Lanard,Directed,682,,,1,<[1538314011099.0]>
woodinblack,verte,Directed,684,,,1,<[1450614063830.0]>
rickroyphd,thinkerdog,Directed,685,,,1,<[1542067118337.0]>
Agaricus,Said_Bouziane,Directed,686,,,2,"<[1610332584972.0, 1612374865086.0]>"
Tom,jina963,Directed,687,,,1,<[1498641758142.0]>
ragin.jason,Conor_Flynn,Directed,688,,,1,<[1460654559079.0]>
LNP,QSMacChan,Directed,690,,,1,<[1598799916145.0]>
Kelly_Finn,aaronc,Directed,691,,,1,<[1543950539038.0]>
roxx,Marc_Mathys,Directed,692,,,1,<[1479252672025.0]>
niwre,Joseph_Jameson,Directed,693,,,1,<[1543568128645.0]>
jasonjin,Agaricus,Directed,696,,,1,<[1553367490105.0]>
abake,adamwulf,Directed,699,,,2,"<[1493656572972.0, 1493669542269.0]>"
Infinome,ahirashiki,Directed,700,,,2,"<[1463750303205.0, 1463754272951.0]>"
chrisvdberge,justintimmer,Directed,704,,,3,"<[1485093006616.0, 1485094260335.0, 1485095493608.0]>"
saw2112,OP_Engr,Directed,705,,,1,<[1497334571677.0]>
Amith_vikram_Rangara,Amith_vikram_Rangara,Directed,706,,,1,<[1490634847673.0]>
sprague,hr4v,Directed,707,,,1,<[1614650368929.0]>
theCyberMike,nicbaz,Directed,708,,,1,<[1463423488366.0]>
Guzik,quotidiansampler,Directed,709,,,1,<[1558097979265.0]>
gianlucatruda,azure,Directed,712,,,2,"<[1532983287520.0, 1533215141362.0]>"
German,Marc_Mathys,Directed,713,,,1,<[1568578215697.0]>
duncan.banks,almi,Directed,714,,,1,<[1485436758566.0]>
JanCzech,ejain,Directed,716,,,1,<[1594279287449.0]>
lotusflyer,sigwolf,Directed,717,,,1,<[1466647409347.0]>
Agaricus,Miro01,Directed,718,,,1,<[1558552272951.0]>
ejain,Valerie_Lanard,Directed,722,,,1,<[1538334534158.0]>
MiaG,ejain,Directed,723,,,1,<[1527188765499.0]>
AppKnomee,matus.konecny,Directed,725,,,1,<[1565879563593.0]>
ekerstein,Sergio,Directed,726,,,1,<[1613418995029.0]>
Emily_Porter,donaldstahl,Directed,727,,,1,<[1486566218047.0]>
mookiebearapps,johnadams,Directed,728,,,1,<[1450584534820.0]>
Agaricus,Justin_Lawler,Directed,730,,,1,<[1475777012840.0]>
AppKnomee,sprague,Directed,732,,,1,<[1557497046515.0]>
BloomsburyLing,Agaricus,Directed,734,,,1,<[1486618287914.0]>
siddharth,anomalily,Directed,735,,,1,<[1494828743400.0]>
samirelanduk,entrifis,Directed,736,,,1,<[1601738648196.0]>
Ralf_Rademacher,Pavel_Zakharov,Directed,737,,,1,<[1493750987404.0]>
Albert_Braun,Omer_Yildiz16,Directed,738,,,1,<[1476220030782.0]>
mdoe,Dan_Dascalescu,Directed,739,,,1,<[1551251725273.0]>
tachtevrenidis,Luke_Sleepwalker,Directed,740,,,1,<[1472449745890.0]>
chrisvdberge,Sergio,Directed,742,,,1,<[1484558907345.0]>
myastark,ekerstein,Directed,747,,,1,<[1612895980130.0]>
rain8dome9,dreeds,Directed,748,,,1,<[1563487405679.0]>
Boone,fiddur,Directed,751,,,1,<[1516016888864.0]>
Siva_Raj,Marco_Altini,Directed,752,,,1,<[1461798010288.0]>
linrichard,Steven_Jonas,Directed,753,,,1,<[1488865829458.0]>
Potassium,Adria,Directed,754,,,1,<[1510408887889.0]>
Adrian_Bethell,Mike,Directed,755,,,1,<[1605950767362.0]>
gjusaityte,LNP,Directed,757,,,1,<[1592217945470.0]>
Elo,Guzik,Directed,758,,,1,<[1508901172739.0]>
MySLOG,fiddur,Directed,759,,,3,"<[1550481241765.0, 1550560542584.0, 1550735401704.0]>"
Greg_Yeutter,Charlotte,Directed,760,,,2,"<[1496954677772.0, 1497217949004.0]>"
Siva_Raj,ejain,Directed,761,,,1,<[1461901861204.0]>
Ton_de_Graaff,Danielle_r,Directed,762,,,1,<[1445515149826.0]>
Kiipo_Chris,Agaricus,Directed,765,,,1,<[1582610534645.0]>
rain8dome9,Nanodot,Directed,766,,,1,<[1561751726789.0]>
bookemdano,bookemdano,Directed,769,,,1,<[1550429571269.0]>
FuelMan,WithACee,Directed,770,,,1,<[1531404855855.0]>
Steven_Jonas,cjroth,Directed,771,,,1,<[1494618930188.0]>
Cor-Jan,_AmandaJW,Directed,773,,,1,<[1471087585870.0]>
JohnBicknell,Adam_C_Leibsohn,Directed,774,,,1,<[1521068315820.0]>
corbenspears,Agaricus,Directed,775,,,2,"<[1594907949223.0, 1595838459489.0]>"
ekerstein,rain8dome9,Directed,776,,,1,<[1605518346794.0]>
thefedoration,srbd,Directed,777,,,1,<[1605371652276.0]>
Jacky,Agaricus,Directed,779,,,1,<[1497944303921.0]>
PigsCanFly2day,ejain,Directed,780,,,1,<[1548788186863.0]>
nicbaz,nicbaz,Directed,782,,,2,"<[1456259863985.0, 1456483826937.0]>"
dans,jakobeglarsen,Directed,783,,,1,<[1582261388339.0]>
Luke_Sleepwalker,Agaricus,Directed,784,,,1,<[1474564258904.0]>
Skav,dreeves,Directed,786,,,1,<[1470601752243.0]>
verte,woodinblack,Directed,788,,,1,<[1450460106135.0]>
Mike,Agaricus,Directed,789,,,1,<[1596581569171.0]>
nicbaz,amac0,Directed,793,,,3,"<[1456467329144.0, 1456555460515.0, 1456555601007.0]>"
Conor_Flynn,ragin.jason,Directed,795,,,1,<[1460996350603.0]>
sskaye,sskaye,Directed,796,,,1,<[1580082410603.0]>
adamwulf,abake,Directed,798,,,2,"<[1493658612472.0, 1493772214059.0]>"
azure,danwich,Directed,799,,,1,<[1500576098559.0]>
woodinblack,theCyberMike,Directed,800,,,1,<[1468750883113.0]>
florian,Schurger,Directed,802,,,1,<[1483620291016.0]>
LNP,ezma26,Directed,803,,,1,<[1597933339276.0]>
LNP,alexey,Directed,805,,,1,<[1601304162951.0]>
Zennode,pfh,Directed,806,,,1,<[1487107355789.0]>
rain8dome9,Said_Bouziane,Directed,808,,,1,<[1590007662294.0]>
ericjdaza,SharaRaqs,Directed,809,,,1,<[1538061522847.0]>
chrisvdberge,IanC,Directed,810,,,1,<[1484557826628.0]>
Dan_Dascalescu,basisbreakdown,Directed,811,,,1,<[1453432932327.0]>
Steven_Jonas,thinkerdog,Directed,813,,,1,<[1568766577302.0]>
dreeves,dreeves,Directed,815,,,1,<[1455956937535.0]>
LNP,Marc_Mathys,Directed,816,,,1,<[1602066113681.0]>
sprague,JessicaK,Directed,817,,,1,<[1553891540068.0]>
Elo,Justin_Lawler,Directed,818,,,1,<[1471918541672.0]>
hr4v,sprague,Directed,819,,,1,<[1614722893427.0]>
mavram,Sergio,Directed,821,,,1,<[1601341282122.0]>
danwich,Jason_Stone,Directed,822,,,1,<[1481924354042.0]>
madprime,Agaricus,Directed,823,,,2,"<[1567121162249.0, 1567539793732.0]>"
kastan,ericjdaza,Directed,824,,,1,<[1548218086897.0]>
patbuen,madprime,Directed,827,,,1,<[1472242351961.0]>
Agaricus,Beau_Gunderson,Directed,828,,,1,<[1565290944722.0]>
Sergio,quotidiansampler,Directed,829,,,1,<[1556880810487.0]>
rain8dome9,Sergio,Directed,830,,,1,<[1615356585317.0]>
sprague,kastan,Directed,831,,,1,<[1549591221992.0]>
cmurray,ejain,Directed,832,,,1,<[1591396069780.0]>
adamonkey,justintimmer,Directed,833,,,1,<[1485562054513.0]>
Ethans100,ejain,Directed,835,,,1,<[1571802285079.0]>
marcelvanderkuil,Agaricus,Directed,836,,,2,"<[1481449103340.0, 1539520638024.0]>"
Jacky,azure,Directed,839,,,1,<[1494573109622.0]>
Jacob,rsolfest,Directed,843,,,1,<[1494287031995.0]>
Agaricus,yamro,Directed,846,,,1,<[1528176445921.0]>
Ryan_Pergent,viho,Directed,847,,,1,<[1521539537135.0]>
ejain,shashwatpradhan,Directed,848,,,1,<[1485804720519.0]>
linrichard,justintimmer,Directed,849,,,1,<[1488929805425.0]>
dreeds,Steven_Jonas,Directed,852,,,1,<[1563937958766.0]>
Kevin_Allen,sprague,Directed,857,,,1,<[1544813756697.0]>
hermandevries,Agaricus,Directed,858,,,2,"<[1487691455704.0, 1488225030710.0]>"
Majedah,AluminumBird,Directed,860,,,1,<[1479336763174.0]>
Boone,ejain,Directed,861,,,1,<[1515896597903.0]>
ejain,Nomad,Directed,865,,,1,<[1538502358190.0]>
ejain,hermes,Directed,866,,,1,<[1498849670356.0]>
Luke_Sleepwalker,justintimmer,Directed,867,,,1,<[1477412499911.0]>
Kiipo_Chris,dans,Directed,868,,,1,<[1583045557396.0]>
fitnessaps,berdelyi,Directed,869,,,1,<[1454186834783.0]>
LNP,ADHDOptimized,Directed,870,,,1,<[1614711693798.0]>
maxaura,Dan_Dascalescu,Directed,871,,,1,<[1449042866222.0]>
OnlineQuantifier,Kelly_Finn,Directed,872,,,1,<[1542509343070.0]>
Sasha_Savsunenko,chengangcs,Directed,873,,,1,<[1474140143301.0]>
justintimmer,QuantifiedBob,Directed,874,,,1,<[1470572368583.0]>
Helma_T,Sara.zimmermann,Directed,876,,,1,<[1616168027162.0]>
Lonetramp,matthewalangreen,Directed,877,,,1,<[1545398124693.0]>
woodinblack,Jay_Aitchsee,Directed,880,,,1,<[1457042403544.0]>
Steven_Jonas,HashDefine,Directed,884,,,1,<[1474052278177.0]>
marcelvanderkuil,j3rry,Directed,885,,,1,<[1538328380270.0]>
hyojunwoo,Christian_Kleineidam,Directed,886,,,1,<[1456053808445.0]>
Crazypedia,nicbaz,Directed,889,,,1,<[1455636361049.0]>
Ryan_Parker,LNP,Directed,890,,,1,<[1600821447066.0]>
granadajose,StevenJTaylor,Directed,891,,,1,<[1561142785963.0]>
alexey,Sergio,Directed,897,,,1,<[1596883147196.0]>
Agaricus,madprime,Directed,901,,,1,<[1567184531262.0]>
cfuarte,Stephen_Burger,Directed,902,,,1,<[1558013446422.0]>
ahirashiki,Infinome,Directed,905,,,1,<[1463754059378.0]>
almi,Agaricus,Directed,906,,,1,<[1485479970365.0]>
Jackemeyer,Justin_Lawler,Directed,907,,,1,<[1470779730038.0]>
quicklime,florian,Directed,908,,,1,<[1483978471004.0]>
theCyberMike,theCyberMike,Directed,909,,,1,<[1461099863372.0]>
realNathanCheng,kastan,Directed,911,,,2,"<[1553906215632.0, 1554134973317.0]>"
qmys,variousred,Directed,912,,,1,<[1494014075077.0]>
thefedoration,Jeshyr,Directed,916,,,2,"<[1609778990830.0, 1609856318813.0]>"
jwillis84,jwillis84,Directed,917,,,2,"<[1457107504764.0, 1457116601850.0]>"
Sergio,srbd,Directed,918,,,1,<[1615210167404.0]>
Agaricus,Wheaticus,Directed,920,,,1,<[1543858939465.0]>
Krishnan,Sergio,Directed,921,,,1,<[1482365404104.0]>
Sergio,m_ar,Directed,922,,,1,<[1594802562463.0]>
rain8dome9,stibeck,Directed,924,,,1,<[1593714928832.0]>
Sergio,Sergio,Directed,925,,,1,<[1482442127799.0]>
callieg,ejain,Directed,926,,,1,<[1527870804918.0]>
m_ar,ejain,Directed,927,,,1,<[1594798579772.0]>
danwich,chrisvdberge,Directed,928,,,1,<[1486065994957.0]>
woodinblack,BsleeperS,Directed,929,,,2,"<[1449176074024.0, 1449180838090.0]>"
ejain,stibeck,Directed,930,,,1,<[1593730148883.0]>
FORT_Simon,srbd,Directed,933,,,1,<[1615279375667.0]>
Elo,Amit_Kohli,Directed,936,,,1,<[1470698669803.0]>
Jack_Hatfield,Schurger,Directed,937,,,1,<[1483975895724.0]>
IsaacGerg,danwich,Directed,938,,,1,<[1494593929634.0]>
Skav,cjroth,Directed,939,,,1,<[1445294009429.0]>
kastan,quantifiedketonian,Directed,940,,,1,<[1554087541934.0]>
dans,QuantifiedBob,Directed,941,,,1,<[1581531810434.0]>
pbaxi,Dan_Dascalescu,Directed,942,,,1,<[1453351523901.0]>
Mizal,gianlucatruda,Directed,943,,,1,<[1559641204374.0]>
Zackman1959,QuantifiedBob,Directed,945,,,1,<[1471255554468.0]>
ejain,markwkoester,Directed,947,,,1,<[1507575296478.0]>
quotidiansampler,Dr_John,Directed,952,,,1,<[1556319373422.0]>
granadajose,Agaricus,Directed,953,,,1,<[1561142595455.0]>
viho,Agaricus,Directed,956,,,1,<[1485223787490.0]>
logos,quotidiansampler,Directed,957,,,1,<[1556731527179.0]>
marcelvanderkuil,Justin_Lawler,Directed,958,,,1,<[1538328077931.0]>
Christian_Kleineidam,hyojunwoo,Directed,959,,,1,<[1457525996844.0]>
Kelly_Finn,OnlineQuantifier,Directed,962,,,1,<[1543368220884.0]>
wkrasl,ejain,Directed,965,,,1,<[1529700069279.0]>
kerstinxx,ilmostromberg.com,Directed,970,,,1,<[1603120897091.0]>
ejain,Boone,Directed,973,,,1,<[1515883201643.0]>
lassef123,nascenta,Directed,974,,,1,<[1512397439225.0]>
Agaricus,Dr_John,Directed,978,,,1,<[1556217867466.0]>
Madhvi_Upender,ejain,Directed,980,,,1,<[1447990677234.0]>
Steven_Jonas,madprime,Directed,982,,,1,<[1560799341165.0]>
LNP,Christian_Michael,Directed,983,,,1,<[1592924573021.0]>
saw2112,shashwatpradhan,Directed,984,,,1,<[1497321104156.0]>
TomW_Johns_Hopkins,ejain,Directed,985,,,1,<[1444166226173.0]>
HashDefine,Agaricus,Directed,986,,,1,<[1478901198030.0]>
amac0,theCyberMike,Directed,987,,,2,"<[1457400810226.0, 1458825341845.0]>"
Charlotte,Bex,Directed,988,,,1,<[1496937807611.0]>
Jason_Miller,uxgreg,Directed,990,,,1,<[1453561815874.0]>
ScreenAware,Elo,Directed,992,,,1,<[1494426574238.0]>
sleep_doc,rahuln,Directed,993,,,1,<[1445543778438.0]>
kpfleger,Mikey_Sklar,Directed,994,,,1,<[1481170835919.0]>
Kylealexgrant,Kylealexgrant,Directed,995,,,1,<[1537314459649.0]>
Emily_Porter,justintimmer,Directed,996,,,1,<[1486223953292.0]>
rsolfest,Jacob,Directed,998,,,1,<[1494288734999.0]>
Luke_Sleepwalker,OP_Engr,Directed,1000,,,2,"<[1475771267320.0, 1477497432141.0]>"
Curious,cmurray,Directed,1002,,,1,<[1452375867373.0]>
Emily_Porter,QuantifiedBob,Directed,1006,,,1,<[1486572401537.0]>
katrin48,davedonohue,Directed,1007,,,1,<[1476200018169.0]>
ejain,Beau_Gunderson,Directed,1008,,,2,"<[1455648943313.0, 1565297161792.0]>"
logos,positron,Directed,1009,,,1,<[1556660263465.0]>
alexriabtsev,logos,Directed,1010,,,1,<[1574273877616.0]>
Agaricus,maggied,Directed,1011,,,1,<[1538503621287.0]>
Charlotte,Greg_Yeutter,Directed,1012,,,2,"<[1496948759575.0, 1497179573211.0]>"
Timeboost,quantifiedlex,Directed,1013,,,1,<[1477600250613.0]>
mavram,LNP,Directed,1015,,,1,<[1601341852070.0]>
gianlucatruda,Michal_Guzowski,Directed,1016,,,1,<[1547482599447.0]>
ejain,Dan_Dascalescu,Directed,1017,,,3,"<[1463178627978.0, 1476130794664.0, 1485970396226.0]>"
MySLOG,Agaricus,Directed,1018,,,1,<[1552889335373.0]>
Benjamin_Smarr,Agaricus,Directed,1020,,,2,"<[1533054692836.0, 1533077767721.0]>"
realNathanCheng,rain8dome9,Directed,1021,,,1,<[1554669096977.0]>
Simona_Podova,amreshjha,Directed,1022,,,1,<[1543867389894.0]>
QuantifiedBob,Elo,Directed,1023,,,1,<[1472322697481.0]>
Steven_Jonas,samkale,Directed,1024,,,1,<[1570058520925.0]>
Agaricus,QuantifyU,Directed,1026,,,1,<[1612118540250.0]>
ericjdaza,Agaricus,Directed,1028,,,2,"<[1490402819244.0, 1538061320390.0]>"
basisbreakdown,Dan_Dascalescu,Directed,1029,,,1,<[1453419699986.0]>
IanC,chrisvdberge,Directed,1030,,,1,<[1484567198686.0]>
basharov,srbd,Directed,1031,,,1,<[1603285581722.0]>
basisbreakdown,Daniel878,Directed,1032,,,1,<[1459444605505.0]>
rickroyphd,Agaricus,Directed,1035,,,2,"<[1540823711487.0, 1541131334261.0]>"
Mikey_Sklar,IsaacGerg,Directed,1037,,,1,<[1521564248140.0]>
stewart11,theCyberMike,Directed,1038,,,1,<[1468692546806.0]>
rain8dome9,mookiebearapps,Directed,1039,,,1,<[1558231802954.0]>
Kelly_Finn,Seanny123,Directed,1040,,,1,<[1543368322119.0]>
alexey,LNP,Directed,1041,,,1,<[1601298061190.0]>
LNP,OP_Engr,Directed,1042,,,1,<[1605686914867.0]>
ejain,michaelforrest,Directed,1044,,,1,<[1596049750572.0]>
cmurray,Curious,Directed,1045,,,1,<[1452382789046.0]>
TheNotifiedSelf,Skav,Directed,1047,,,1,<[1470646860774.0]>
Agaricus,stefanco,Directed,1051,,,1,<[1484771556018.0]>
Valerie_Lanard,Justin_Lawler,Directed,1052,,,1,<[1538016719435.0]>
Cyril_Bouthors,Agaricus,Directed,1055,,,1,<[1589819746075.0]>
xbliss,ThinkRace_Technology,Directed,1056,,,1,<[1499947457519.0]>
LNP,srbd,Directed,1060,,,2,"<[1591602568997.0, 1606018669075.0]>"
cjroth,Steven_Jonas,Directed,1062,,,1,<[1494618915399.0]>
lotusflyer,lotusflyer,Directed,1064,,,1,<[1466368444573.0]>
_AmandaJW,Luke_Sleepwalker,Directed,1065,,,1,<[1471068577594.0]>
thinkerdog,QuantifiedBob,Directed,1067,,,1,<[1537937429271.0]>
cartereducation,Sergio,Directed,1068,,,1,<[1492132862037.0]>
Agaricus,martinspanjaard,Directed,1070,,,1,<[1480215953805.0]>
Dipdap,ejain,Directed,1071,,,1,<[1597649186696.0]>
sprague,hermandevries,Directed,1072,,,1,<[1601053710325.0]>
azure,Kiipo_Chris,Directed,1073,,,1,<[1582670225580.0]>
thinkerdog,Agaricus,Directed,1075,,,1,<[1556322168707.0]>
justintimmer,Steven_Jonas,Directed,1077,,,1,<[1466336590578.0]>
LNP,mmschladen,Directed,1080,,,2,"<[1597248902590.0, 1602255885654.0]>"
davidhead,Agaricus,Directed,1081,,,3,"<[1589556249005.0, 1601736501785.0, 1601737355553.0]>"
ejain,fiddur,Directed,1082,,,2,"<[1547004819085.0, 1551036978767.0]>"
Leo_Dion,justintimmer,Directed,1083,,,1,<[1463416576976.0]>
Marc_Mathys,Potassium,Directed,1084,,,1,<[1510409779299.0]>
Agaricus,Adrian_Bethell,Directed,1085,,,1,<[1606245390397.0]>
xman2012,mdavis,Directed,1086,,,2,"<[1597774365485.0, 1597798639390.0]>"
chrisvdberge,EricSF,Directed,1087,,,1,<[1484346471869.0]>
liuk001,gururise,Directed,1088,,,1,<[1530584630463.0]>
LNP,gjusaityte,Directed,1089,,,1,<[1591888392259.0]>
fiddur,MySLOG,Directed,1090,,,1,<[1550758861354.0]>
ejain,Yan,Directed,1092,,,1,<[1483471173516.0]>
Steven_Jonas,quotidiansampler,Directed,1093,,,1,<[1555633814801.0]>
fiddur,Boone,Directed,1094,,,1,<[1516000270660.0]>
RubyJ,HashDefine,Directed,1096,,,1,<[1472685462610.0]>
Eric_Rassman,AnnaFranziskaMichel,Directed,1100,,,1,<[1533039466874.0]>
Elo,sarte,Directed,1101,,,1,<[1482102004524.0]>
Agaricus,Oleg_Kalyta,Directed,1103,,,1,<[1531242565574.0]>
rain8dome9,Liam91,Directed,1105,,,1,<[1569039519335.0]>
Nicholas_Cameron,mookiebearapps,Directed,1106,,,1,<[1605101267997.0]>
pkuhar,mookiebearapps,Directed,1107,,,1,<[1583987622052.0]>
Luke_Sleepwalker,Omer_Yildiz16,Directed,1108,,,1,<[1475861856784.0]>
tachtevrenidis,madprime,Directed,1109,,,1,<[1472449651165.0]>
kpfleger,kpfleger,Directed,1110,,,2,"<[1480315803576.0, 1480316111488.0]>"
nez,ejain,Directed,1111,,,1,<[1481614299968.0]>
Lisa_Cao,kastan,Directed,1113,,,1,<[1548203388341.0]>
alpha_lsjfsa,alpha_lsjfsa,Directed,1116,,,1,<[1468984104050.0]>
ejain,jmccorison,Directed,1117,,,1,<[1518920457517.0]>
ejain,Said_Bouziane,Directed,1118,,,1,<[1610086661416.0]>
madprime,patbuen,Directed,1119,,,1,<[1472579340683.0]>
EmilyValerie,Adria,Directed,1120,,,1,<[1516152189179.0]>
omegaterus,Vivactiv,Directed,1123,,,1,<[1496666969641.0]>
_AmandaJW,justintimmer,Directed,1125,,,1,<[1479290605059.0]>
Josh_Schneider,Agaricus,Directed,1126,,,1,<[1477944462316.0]>
fabiola.gattringer,rsol,Directed,1127,,,1,<[1447936322390.0]>
Steven_Jonas,Dr_John,Directed,1128,,,1,<[1556220999137.0]>
marytownjob,ejain,Directed,1132,,,1,<[1540983376669.0]>
Marquis_Butler,TheNotifiedSelf,Directed,1133,,,1,<[1482340780847.0]>
JonCousins,anitha,Directed,1134,,,1,<[1497334134930.0]>
glfharris,bretbernhoft,Directed,1135,,,1,<[1616156147862.0]>
Helma_T,fiddur,Directed,1136,,,1,<[1551281125458.0]>
arober11,davedonohue,Directed,1138,,,1,<[1446237855213.0]>
kate,ejain,Directed,1139,,,1,<[1608659077377.0]>
ejain,pdsqiash83,Directed,1140,,,1,<[1479189668097.0]>
Shelbey,Agaricus,Directed,1143,,,1,<[1606250988524.0]>
wkrasl,ramsha,Directed,1144,,,1,<[1530191696173.0]>
chrisvdberge,Emily_Porter,Directed,1145,,,2,"<[1486204468480.0, 1486205135048.0]>"
tomkintner,Agaricus,Directed,1147,,,1,<[1596218053506.0]>
ilmostromberg.com,NathanG,Directed,1149,,,1,<[1610130146564.0]>
Steven_Jonas,mellowyellow,Directed,1153,,,1,<[1496026998872.0]>
Luke_Sleepwalker,Justin_Lawler,Directed,1154,,,1,<[1470177762293.0]>
ewhitley,ewhitley,Directed,1157,,,1,<[1455733445872.0]>
Agaricus,Mikey_Sklar,Directed,1158,,,1,<[1468543093587.0]>
rain8dome9,gedankenstuecke,Directed,1159,,,2,"<[1576784855571.0, 1605480892941.0]>"
Dan_Dascalescu,thinkerdog,Directed,1160,,,1,<[1559719920675.0]>
dnafus,ejain,Directed,1161,,,1,<[1460132534028.0]>
MichaelG,MichaelJD,Directed,1165,,,1,<[1513068871525.0]>
Justin_Lawler,LNP,Directed,1166,,,1,<[1605282921841.0]>
Beau_Gunderson,Infinome,Directed,1167,,,1,<[1454435733976.0]>
Nor_Newman,David_Gonzalez,Directed,1168,,,1,<[1588743047712.0]>
Agaricus,Amit_Kohli,Directed,1169,,,1,<[1471189148408.0]>
Steven_Jonas,dgorski,Directed,1170,,,1,<[1564096905103.0]>
mulhollandQS,IsaacGerg,Directed,1171,,,1,<[1494452771289.0]>
fiddur,ejain,Directed,1172,,,2,"<[1547024814831.0, 1548755332274.0]>"
LNP,JBL,Directed,1173,,,1,<[1604249051628.0]>
Agaricus,gedankenstuecke,Directed,1174,,,1,<[1532731424955.0]>
LNP,CharlesAlexandreRoy,Directed,1176,,,1,<[1597071012655.0]>
Amit_Kohli,QuantifiedBob,Directed,1177,,,1,<[1470912133808.0]>
ejain,rickroyphd,Directed,1178,,,1,<[1551038793746.0]>
lotusflyer,quicklime,Directed,1179,,,1,<[1484017586387.0]>
David_Brooks,Praxiteles,Directed,1181,,,1,<[1486524815310.0]>
cjroth,ejain,Directed,1185,,,1,<[1445107313696.0]>
FORT_Simon,FORT_Simon,Directed,1189,,,1,<[1614852372305.0]>
cfuarte,dreeds,Directed,1192,,,1,<[1560887470621.0]>
Agaricus,duncan.banks,Directed,1193,,,1,<[1491065045880.0]>
Jan_Antolik,LNP,Directed,1194,,,1,<[1617279681653.0]>
chrisvdberge,danwich,Directed,1195,,,1,<[1485894069501.0]>
slundberg,Emily_Porter,Directed,1197,,,1,<[1487563498564.0]>
toddrimes,rain8dome9,Directed,1198,,,1,<[1583872474386.0]>
Justin_Lawler,Agaricus,Directed,1200,,,1,<[1532950162092.0]>
Agaricus,Al_Zambo,Directed,1201,,,1,<[1578895670552.0]>
_AmandaJW,ejain,Directed,1203,,,1,<[1470919935610.0]>
tachtevrenidis,Sagado,Directed,1204,,,1,<[1472450116891.0]>
TheNotifiedSelf,Qot,Directed,1205,,,1,<[1469179642925.0]>
ejain,xman2012,Directed,1207,,,1,<[1602693035685.0]>
IanC,IanC,Directed,1208,,,1,<[1463062083797.0]>
ejain,Suresh_Murthy,Directed,1209,,,1,<[1585025376644.0]>
JonCousins,bretbernhoft,Directed,1211,,,1,<[1611689010264.0]>
jwillis84,Crazypedia,Directed,1212,,,1,<[1456179363315.0]>
nikf91,Marc_Mathys,Directed,1214,,,1,<[1530199465515.0]>
ejain,bob.lansdorp,Directed,1215,,,1,<[1495574836092.0]>
5heyeenl1ew,ejain,Directed,1216,,,1,<[1460018602072.0]>
QuantifiedBob,gianlucatruda,Directed,1217,,,1,<[1535395457165.0]>
justintimmer,RubyJ,Directed,1220,,,1,<[1472566037916.0]>
ejain,Tahl,Directed,1222,,,1,<[1500488960005.0]>
QuantifiedBob,Conor_Flynn,Directed,1225,,,1,<[1460666247002.0]>
LEF,Agaricus,Directed,1227,,,1,<[1616968561557.0]>
rain8dome9,alexey,Directed,1230,,,1,<[1597686952449.0]>
nikf91,ivan,Directed,1232,,,1,<[1530203121274.0]>
Marry,Elo,Directed,1233,,,1,<[1475249977152.0]>
Steven_Jonas,Sagado,Directed,1234,,,1,<[1473463185775.0]>
Agaricus,Amith_vikram_Rangara,Directed,1236,,,1,<[1490628184756.0]>
Dan_Dascalescu,Roadkill0000,Directed,1237,,,1,<[1533197183903.0]>
Dipdap,Agaricus,Directed,1238,,,1,<[1597650317071.0]>
peterhatoz,bookemdano,Directed,1239,,,1,<[1551824636527.0]>
michael.collins,Greg_Yeutter,Directed,1240,,,1,<[1495345466079.0]>
Dan_Dascalescu,ShannonConners,Directed,1241,,,1,<[1453916568205.0]>
_AmandaJW,Jakob_Sievers,Directed,1242,,,1,<[1479285344640.0]>
_AmandaJW,shanusmagnus,Directed,1244,,,1,<[1470955278871.0]>
dreeds,Suresh_Murthy,Directed,1245,,,1,<[1586366203337.0]>
Dan_Dascalescu,gbalfi,Directed,1246,,,1,<[1456545148748.0]>
one_man_experiment,ejain,Directed,1247,,,1,<[1593588895737.0]>
LNP,Sergio,Directed,1248,,,1,<[1612814487542.0]>
Beau_Gunderson,rain8dome9,Directed,1249,,,1,<[1567046089881.0]>
dreeds,dans,Directed,1250,,,1,<[1581717870504.0]>
gedankenstuecke,madprime,Directed,1251,,,1,<[1578048546175.0]>
JeremyGordon,Matt_Thompson,Directed,1254,,,1,<[1491335289440.0]>
ejain,jjnz,Directed,1255,,,1,<[1502144833701.0]>
j3rry,j3rry,Directed,1259,,,1,<[1537906127040.0]>
jackpark,Amith_vikram_Rangara,Directed,1260,,,1,<[1489968322618.0]>
thefedoration,Said_Bouziane,Directed,1262,,,1,<[1609625465304.0]>
Just_Iain,Marc_Mathys,Directed,1264,,,1,<[1469066962963.0]>
justintimmer,roxx,Directed,1267,,,1,<[1479389403602.0]>
QuantifiedBob,Kerberos,Directed,1268,,,1,<[1549893060011.0]>
LNP,kate,Directed,1270,,,1,<[1608283677506.0]>
Luke_Sleepwalker,Nath,Directed,1271,,,1,<[1468946370373.0]>
josurac,Agaricus,Directed,1272,,,2,"<[1553646766221.0, 1553862743808.0]>"
genomapp,Zeta,Directed,1277,,,1,<[1447841696524.0]>
Marcel,ejain,Directed,1278,,,1,<[1477858009759.0]>
lotusflyer,patbuen,Directed,1279,,,1,<[1466647257182.0]>
laikalee,nez,Directed,1281,,,1,<[1482188708387.0]>
cop,Praxiteles,Directed,1283,,,1,<[1492632321049.0]>
matgessel,Kilost,Directed,1284,,,1,<[1494186989277.0]>
AnthonyGalli,davedonohue,Directed,1285,,,1,<[1446069910391.0]>
Agaricus,fmj13,Directed,1286,,,1,<[1469486904312.0]>
Luke_Sleepwalker,Elo,Directed,1288,,,1,<[1471023465058.0]>
IoTool,Mark_Leavitt,Directed,1289,,,1,<[1471332518211.0]>
Simeon_Atanasov,Steven_Jonas,Directed,1294,,,1,<[1611889222657.0]>
TheNotifiedSelf,patbuen,Directed,1299,,,1,<[1468686475156.0]>
wasslehoff,justintimmer,Directed,1300,,,1,<[1482145307469.0]>
HenrikAhlen,Marc_Mathys,Directed,1301,,,1,<[1472206786548.0]>
MickDee,LNP,Directed,1302,,,1,<[1603596994359.0]>
jackpark,Mikey_Sklar,Directed,1303,,,1,<[1490054884405.0]>
meenakshsundaram,roxx,Directed,1304,,,1,<[1493847968487.0]>
LNP,SimonP,Directed,1305,,,1,<[1599385674659.0]>
sergey,ejain,Directed,1306,,,1,<[1543257451098.0]>
Valeria_Pannunzio,Valeria_Pannunzio,Directed,1307,,,1,<[1556113031196.0]>
watsonic,roxx,Directed,1309,,,1,<[1481159414923.0]>
Said_Bouziane,thefedoration,Directed,1313,,,1,<[1609920904307.0]>
aokeson,LNP,Directed,1316,,,1,<[1608744563827.0]>
buthe79,fiddur,Directed,1317,,,1,<[1555617010040.0]>
rain8dome9,Exhausted,Directed,1318,,,1,<[1613948356080.0]>
AskAtlys,AppKnomee,Directed,1319,,,1,<[1565884945221.0]>
Agaricus,jackpark,Directed,1321,,,1,<[1490395495428.0]>
Steven_Jonas,lhl,Directed,1322,,,1,<[1539800941515.0]>
ladybird,rain8dome9,Directed,1323,,,1,<[1609373889744.0]>
lotusflyer,ShannonConners,Directed,1325,,,1,<[1466647743767.0]>
Steven_Jonas,Agaricus,Directed,1326,,,1,<[1547342122384.0]>
Agaricus,chrisvdberge,Directed,1328,,,1,<[1485209565791.0]>
MichaelG,Marc_Mathys,Directed,1332,,,1,<[1513011041221.0]>
stibeck,ejain,Directed,1333,,,1,<[1593860258443.0]>
justintimmer,wasslehoff,Directed,1334,,,1,<[1482146363536.0]>
ejain,quantifiedketonian,Directed,1336,,,1,<[1552538244031.0]>
fmj13,Agaricus,Directed,1337,,,1,<[1469488478514.0]>
davedonohue,AnthonyGalli,Directed,1338,,,1,<[1446063434559.0]>
lotusflyer,florian,Directed,1339,,,1,<[1484057909309.0]>
JessicaK,AlexNeilson14,Directed,1341,,,1,<[1554238208818.0]>
patbuen,ejain,Directed,1342,,,1,<[1466462379432.0]>
Sergio,Dr_John,Directed,1343,,,1,<[1556095638282.0]>
Said_Bouziane,dreeds,Directed,1344,,,1,<[1589962840043.0]>
Agaricus,josurac,Directed,1346,,,1,<[1553874642779.0]>
Nath,theCyberMike,Directed,1347,,,1,<[1468902794437.0]>
AnsisMalins,himynamesdave,Directed,1349,,,1,<[1445701731625.0]>
azure,azure,Directed,1350,,,1,<[1537914655596.0]>
Luke_Sleepwalker,fmj13,Directed,1351,,,1,<[1469550256678.0]>
Piotr_Jarecki,Francois_Polarczyk,Directed,1352,,,1,<[1456195142694.0]>
rain8dome9,Seanny123,Directed,1354,,,1,<[1570577084531.0]>
FORT_Simon,LEF,Directed,1358,,,1,<[1614846305336.0]>
pfh,Agaricus,Directed,1360,,,1,<[1487093397418.0]>
jina963,Dan_Dascalescu,Directed,1363,,,1,<[1494330387529.0]>
symian,Jason_Miller,Directed,1364,,,1,<[1481415475614.0]>
Edward_Hill,jjnz,Directed,1366,,,1,<[1501472773436.0]>
dreeves,Skav,Directed,1367,,,1,<[1470422902680.0]>
rain8dome9,Beau_Gunderson,Directed,1369,,,1,<[1565401727795.0]>
Dr_John,Sergio,Directed,1371,,,1,<[1556390618001.0]>
quotidiansampler,Agaricus,Directed,1372,,,1,<[1556820512343.0]>
gedankenstuecke,LNP,Directed,1373,,,1,<[1612868724535.0]>
dans,dreeds,Directed,1374,,,1,<[1581714422767.0]>
shanusmagnus,ejain,Directed,1375,,,1,<[1470951673001.0]>
gbalfi,Dan_Dascalescu,Directed,1376,,,1,<[1456518989119.0]>
mookiebearapps,michaelbenton,Directed,1377,,,1,<[1508012365523.0]>
ekerstein,dreeds,Directed,1379,,,1,<[1617055507769.0]>
CeyHello,ejain,Directed,1380,,,1,<[1465375428536.0]>
danwich,Emily_Porter,Directed,1382,,,1,<[1486065762815.0]>
that_dramebaaz_guy,Agaricus,Directed,1385,,,1,<[1591214942669.0]>
ericbalkan,bluenorthern,Directed,1390,,,1,<[1608574714452.0]>
Peter_Kisfaludi,Dave_Asprey,Directed,1391,,,1,<[1516785941833.0]>
justintimmer,Krishnan,Directed,1392,,,1,<[1480347696196.0]>
Agaricus,michaelforrest,Directed,1393,,,1,<[1601487617025.0]>
xman2012,xman2012,Directed,1395,,,1,<[1597776689886.0]>
ethanwatters,rain8dome9,Directed,1396,,,1,<[1612998421466.0]>
Adria,Marc_Mathys,Directed,1397,,,1,<[1510578452549.0]>
ejain,Parkourler,Directed,1399,,,1,<[1579654718827.0]>
QuantifiedBob,watsonic,Directed,1400,,,1,<[1479227920186.0]>
dreeds,rain8dome9,Directed,1403,,,1,<[1563406338913.0]>
Luke_Sleepwalker,Dan_Dascalescu,Directed,1404,,,1,<[1471470392355.0]>
fiddur,Omri_Mendels,Directed,1406,,,1,<[1540799734322.0]>
Cornelius,Justin_Lawler,Directed,1408,,,1,<[1502820378528.0]>
Sergio,denis,Directed,1410,,,1,<[1484915201321.0]>
AnnaFranziskaMichel,Ebrucia1,Directed,1411,,,1,<[1532725421323.0]>
ejain,DeadEternally,Directed,1412,,,1,<[1509914285220.0]>
ejain,IsaacGerg,Directed,1413,,,1,<[1485284457577.0]>
Crazypedia,jwillis84,Directed,1414,,,1,<[1455985266027.0]>
phxJack,Steven_Jonas,Directed,1415,,,1,<[1582564568597.0]>
tachtevrenidis,Mikey_Sklar,Directed,1416,,,1,<[1472449908383.0]>
ejain,wedsoncarlos,Directed,1417,,,1,<[1520792980770.0]>
sskaye,Suresh_Murthy,Directed,1419,,,2,"<[1582380052091.0, 1585052612502.0]>"
duncan.banks,Agaricus,Directed,1421,,,1,<[1490819343044.0]>
Beau_Gunderson,OP_Engr,Directed,1424,,,1,<[1565369411192.0]>
Luke_Sleepwalker,QuantifiedBob,Directed,1425,,,1,<[1472580462286.0]>
Jeshyr,thefedoration,Directed,1426,,,1,<[1609818775330.0]>
Caffo,Dan_Dascalescu,Directed,1427,,,1,<[1543791920917.0]>
QuantifiedBob,QuantifiedBob,Directed,1430,,,1,<[1470835680603.0]>
logos,Agaricus,Directed,1431,,,1,<[1532297925712.0]>
Praxiteles,David_Brooks,Directed,1432,,,1,<[1486533237353.0]>
quantifiedketonian,kastan,Directed,1433,,,1,<[1553905741948.0]>
ejain,danwich,Directed,1435,,,1,<[1484338114138.0]>
alex_u,Marry,Directed,1440,,,1,<[1477377987603.0]>
sskaye,Kiipo_Chris,Directed,1442,,,1,<[1582725421367.0]>
OP_Engr,Ruxi,Directed,1443,,,1,<[1480394667934.0]>
ejain,Guzik,Directed,1444,,,1,<[1539543186230.0]>
sigwolf,Kcyxa,Directed,1445,,,1,<[1443777730410.0]>
JamesSonger,ejain,Directed,1446,,,1,<[1494645369867.0]>
marcelvanderkuil,lotusflyer,Directed,1447,,,1,<[1484228593596.0]>
QuantifiedBob,Zackman1959,Directed,1448,,,1,<[1471180355166.0]>
Justin_Lawler,Dan_Dascalescu,Directed,1449,,,1,<[1484661709143.0]>
IsaacGerg,mulhollandQS,Directed,1450,,,1,<[1494338078612.0]>
Sergio,LNP,Directed,1451,,,1,<[1598376726167.0]>
sigwolf,BATBAT1,Directed,1454,,,1,<[1469196495636.0]>
Dannysoos,Nanodot,Directed,1455,,,1,<[1455045952813.0]>
Agaricus,patbuen,Directed,1456,,,1,<[1468543167269.0]>
rdebrecht,Mikesleep,Directed,1460,,,1,<[1549554632377.0]>
Agaricus,QuantifiedBob,Directed,1462,,,1,<[1560459551161.0]>
ejain,Amit_Kohli,Directed,1463,,,1,<[1471998181828.0]>
Jay_Aitchsee,rlong19,Directed,1464,,,1,<[1486074532072.0]>
Emily_Porter,pfh,Directed,1465,,,1,<[1487171840321.0]>
Agaricus,Luke_Sleepwalker,Directed,1466,,,1,<[1470424975503.0]>
Tahl,schochlp,Directed,1468,,,1,<[1504654127549.0]>
Rok,DaviddeSouza,Directed,1469,,,1,<[1448866271679.0]>
Agaricus,tomkintner,Directed,1470,,,1,<[1596212725828.0]>
gbalfi,ejain,Directed,1471,,,1,<[1456741488704.0]>
ilmostromberg.com,rain8dome9,Directed,1472,,,1,<[1610130511702.0]>
petioptrv,kastan,Directed,1473,,,1,<[1553010628332.0]>
Elo,justintimmer,Directed,1476,,,1,<[1477803719574.0]>
wkrasl,Agaricus,Directed,1477,,,1,<[1529796186923.0]>
marcelvanderkuil,AnnaFranziskaMichel,Directed,1480,,,1,<[1485620658078.0]>
Krishnan,Agaricus,Directed,1483,,,1,<[1481916040092.0]>
ejain,kate,Directed,1486,,,1,<[1608673807417.0]>
hermandevries,Sergio,Directed,1487,,,1,<[1487691712481.0]>
Agaricus,Monade,Directed,1488,,,1,<[1494548603895.0]>
Helma_T,Agaricus,Directed,1489,,,1,<[1551281462999.0]>
Adria,EmilyValerie,Directed,1492,,,1,<[1516613958259.0]>
ejain,TomW_Johns_Hopkins,Directed,1493,,,1,<[1444281293747.0]>
ejain,magnush,Directed,1494,,,1,<[1461360400609.0]>
Agaricus,Josh_Schneider,Directed,1498,,,1,<[1477948393405.0]>
alpha_lsjfsa,symian,Directed,1500,,,1,<[1468977696471.0]>
dgartenberg,quotidiansampler,Directed,1501,,,1,<[1555093531481.0]>
cataloger1,ejain,Directed,1504,,,1,<[1521418764815.0]>
tachtevrenidis,justintimmer,Directed,1505,,,1,<[1472489557168.0]>
amishra123,IsaacGerg,Directed,1507,,,1,<[1498853257873.0]>
rain8dome9,Mdrangsholt,Directed,1509,,,1,<[1611803786015.0]>
Jacob,Qek,Directed,1510,,,1,<[1489779539336.0]>
dreeds,xman2012,Directed,1511,,,1,<[1598159496265.0]>
IsaacGerg,LiFESCAPE,Directed,1512,,,1,<[1494290902492.0]>
