Id,Name
0,QuantifiedBob
1,Dan_Dascalescu
2,Krishnan
3,Patrik_Helenius
4,ankoshy
5,ejain
6,markwkoester
7,Eremolalos
8,cfuarte
9,patbuen
10,theCyberMike
11,LNP
12,Agaricus
13,OP_Engr
14,Beau_Gunderson
15,michaelforrest
16,Shelbey
17,Justin_Lawler
18,IsaacGerg
19,rickroyphd
20,xbliss
21,rain8dome9
22,Guzik
23,Sergio
24,FORT_Simon
25,cyberthal
26,dgorski
27,Amit_Kohli
28,cjroth
29,Skav
30,azure
31,SharaRaqs
32,logos
33,Kaido
34,Praxiteles
35,Froukje
36,dreeds
37,florian
38,lotusflyer
39,thinkerdog
40,basisbreakdown
41,JBL
42,gedankenstuecke
43,hermandevries
44,Caroline17
45,gianlucatruda
46,FirebrandAZ
47,BATBAT1
48,pbaxi
49,Victor_Lee
50,ernesto
51,danwich
52,Lyuba247
53,Qot
54,jjnz
55,JeremyGordon
56,Qek
57,Mikey_Sklar
58,madprime
59,growwithlogan
60,Tahl
61,Adria
62,Stephen_Burger
63,Valeria_Pannunzio
64,roxx
65,justintimmer
66,tomlawrence
67,Valerie_Lanard
68,kastan
69,petioptrv
70,Said_Bouziane
71,nicbaz
72,jwillis84
73,Emily_Porter
74,chrisvdberge
75,wkrasl
76,sergey
77,davidhead
78,Marc_Mathys
79,mookiebearapps
80,sprague
81,justinlmitchell
82,davedonohue
83,Marquis_Butler
84,fiddur
85,Josh_Schneider
86,schochlp
87,Luke_Sleepwalker
88,cjboehne
89,Pygio
90,dans
91,karlicoss
92,Elo
93,amishra123
94,johnadams
95,PigsCanFly2day
96,dvdrjo
97,IvanDenis
98,jaklee
99,Jolly
100,Steven_Jonas
101,Jay_Aitchsee
102,BsleeperS
103,mathjeff
104,emilyb
105,Mikesleep
106,matus.konecny
107,AppKnomee
108,clif123
109,Jackie_Moon
110,stibeck
111,Alex_Bitman
112,gjusaityte
113,Miro01
114,JBDow
115,dkrenik
116,dragomir44
117,MySLOG
118,JSkellington
119,c0SM0s_zurich
120,xman2012
121,nez
122,laikalee
123,Dr_John
124,ekerstein
125,sukazavr
126,genomapp
127,rlong19
128,one_man_experiment
129,jina963
130,mulhollandQS
131,pfh
132,mnem
133,DanHidalgo
134,amac0
135,greggostincar
136,uppereast1
137,BrianJohnson
138,Abhishek_Anand
139,CeyHello
140,gbalfi
141,marcelvanderkuil
142,IoTool
143,_AmandaJW
144,ShannonConners
145,Dipdap
146,judoman09
147,Zenner
148,maxaura
149,TheNotifiedSelf
150,robertson
151,Gill3362
152,Jaakko
153,mica
154,Omri_Mendels
155,Infinome
156,c_BOSS
157,Amith_vikram_Rangara
158,viho
159,woodinblack
160,jeff_researcher
161,fermion
162,Mdrangsholt
163,cporro
164,himynamesdave
165,Omer_Yildiz16
166,Albert_Braun
167,JessicaK
168,Mikkelsen
169,phxJack
170,anomalily
171,rdthoms
172,Suresh_Murthy
173,tachtevrenidis
174,JonCousins
175,RubyJ
176,Jeshyr
177,marcusfoster
178,LEF
179,Irene_Gabashvili
180,mdavis
181,Jackemeyer
182,Siva_Raj
183,nikf91
184,Marry
185,quantifiedlex
186,alexey
187,cyrbon
188,projreality
189,Christopher
190,Vitarecord
191,Roadkill0000
192,ilmostromberg.com
193,A_Varyu
194,pmcg
195,MichaelJD
196,AmirMarashi
197,srbd
198,Sara
199,zeakian
200,Jan_Antolik
201,Jacky
202,Nanodot
203,marytownjob
204,Jan
205,WizardOfNomaha
206,lailazem
207,saw2112
208,quotidiansampler
209,Zeta
210,Caffo
211,Kelly_Finn
212,Meaghan
213,phenylalanine
214,Kilost
215,matgessel
216,Sagado
217,ladybird
218,Katrin_Blanchare
219,hyruga
220,ndp
221,meenakshsundaram
222,Jacob
223,IanC
224,matthewalangreen
225,calbucci
226,jmccorison
227,justin
228,Greg_Yeutter
229,michael.collins
230,linrichard
231,Nomad
232,rrnoortman
233,AnnaFranziskaMichel
234,pdsqiash83
235,Walletform
236,p2635
237,Al_Zambo
238,gwern
239,anthanto
240,hyojunwoo
241,Yvonne
242,philippatterson
243,Dannysoos
244,SergeyPoznyakAkvelon
245,silver
246,n8henrie
247,Rayo_Asoko
248,CharlesAlexandreRoy
249,davidhestrin
250,quicklime
251,BadlandsBoredman
252,quantifiedketonian
253,MickDee
254,jackpark
255,j3rry
256,Christian_Kleineidam
257,MiaG
258,damadam
259,sigwolf
260,Monade
261,Charlotte
262,alicia297
263,rsolfest
264,almi
265,duncan.banks
266,Kevin_Walker
267,Seanny123
268,MollyMaloofMD
269,Monika1989
270,sskaye
271,QSMacChan
272,Jamie.Lucier
273,Schurger
274,jakobeglarsen
275,rtbz
276,anitha
277,Cor-Jan
278,davidrusu
279,Kiipo_Chris
280,kerstinxx
281,EricSF
282,Yan
283,HashDefine
284,granadajose
285,CSWotton
286,Eric_Rassman
287,ScreenAware
288,Pavel_Zakharov
289,Ralf_Rademacher
290,siddharth
291,edie
292,katrin48
293,dnurzynski
294,reblaw
295,Hango
296,thefedoration
297,Frances
298,sujit
299,sushisuzuki
300,dwCo
301,dwstclair
302,Ouiouian
303,ryqiem
304,brownhci
305,JazzCorner
306,Mike
307,jkridner
308,carsondarling
309,uxgreg
310,Jason_Miller
311,entrifis
312,corbenspears
313,dmartin
314,mosca
315,kappa962
316,fellyf3l
317,Nath
318,myastark
319,Liam91
320,dangerousdashie
321,Nicholas_Cameron
322,Crazypedia
323,sgak
324,Dr.Strangelove
325,measuredme
326,dgartenberg
327,gronowski
328,This_is_not_my_real_
329,andrew123
330,diegoegonzalez
331,Tashi689
332,samirelanduk
333,Dave_Albert
334,willempienaar
335,jamesflood1
336,Denis_Malkov
337,shashwatpradhan
338,mariacrosas
339,Chuqi_Zeng
340,HughFennell
341,myrhyme
342,DaveD
343,HelloAsuka
344,Tex_ARMY_FISTER
345,InghamNigel
346,Tiziano_Munerato
347,ewhitley
348,bensima
349,pkuhar
350,ADHDOptimized
351,Nan_S
352,kddata
353,Ebrucia1
354,Benjamin_Smarr
355,Heleana_Quartey
356,Potassium
357,bookemdano
358,peterhatoz
359,Joshua_Mark
360,camper2
361,Yaroslav_Bulatov
362,boomer
363,martinspanjaard
364,deeevader
365,Robin_Groenke
366,mazz1
367,timpyrkov
368,verte
369,Tom
370,ragin.jason
371,Conor_Flynn
372,aaronc
373,niwre
374,Joseph_Jameson
375,jasonjin
376,abake
377,adamwulf
378,ahirashiki
379,hr4v
380,German
381,JanCzech
382,donaldstahl
383,BloomsburyLing
384,mdoe
385,Boone
386,Marco_Altini
387,Adrian_Bethell
388,Ton_de_Graaff
389,Danielle_r
390,FuelMan
391,WithACee
392,JohnBicknell
393,Adam_C_Leibsohn
394,dreeves
395,ezma26
396,Zennode
397,ericjdaza
398,mavram
399,Jason_Stone
400,cmurray
401,adamonkey
402,Ethans100
403,yamro
404,Ryan_Pergent
405,Kevin_Allen
406,Majedah
407,AluminumBird
408,hermes
409,fitnessaps
410,berdelyi
411,OnlineQuantifier
412,Sasha_Savsunenko
413,chengangcs
414,Helma_T
415,Sara.zimmermann
416,Lonetramp
417,Ryan_Parker
418,StevenJTaylor
419,realNathanCheng
420,qmys
421,variousred
422,Wheaticus
423,m_ar
424,callieg
425,Jack_Hatfield
426,Mizal
427,Zackman1959
428,lassef123
429,nascenta
430,Madhvi_Upender
431,Christian_Michael
432,TomW_Johns_Hopkins
433,Bex
434,sleep_doc
435,rahuln
436,kpfleger
437,Kylealexgrant
438,Curious
439,positron
440,alexriabtsev
441,maggied
442,Timeboost
443,Michal_Guzowski
444,Simona_Podova
445,amreshjha
446,samkale
447,QuantifyU
448,basharov
449,Daniel878
450,stewart11
451,stefanco
452,Cyril_Bouthors
453,ThinkRace_Technology
454,cartereducation
455,mmschladen
456,Leo_Dion
457,liuk001
458,gururise
459,sarte
460,Oleg_Kalyta
461,Lisa_Cao
462,alpha_lsjfsa
463,EmilyValerie
464,omegaterus
465,Vivactiv
466,fabiola.gattringer
467,rsol
468,glfharris
469,bretbernhoft
470,arober11
471,kate
472,ramsha
473,tomkintner
474,NathanG
475,mellowyellow
476,dnafus
477,MichaelG
478,Nor_Newman
479,David_Gonzalez
480,David_Brooks
481,slundberg
482,toddrimes
483,bob.lansdorp
484,5heyeenl1ew
485,ivan
486,Jakob_Sievers
487,shanusmagnus
488,Matt_Thompson
489,Just_Iain
490,Kerberos
491,josurac
492,Marcel
493,cop
494,AnthonyGalli
495,fmj13
496,Mark_Leavitt
497,Simeon_Atanasov
498,wasslehoff
499,HenrikAhlen
500,SimonP
501,watsonic
502,aokeson
503,buthe79
504,Exhausted
505,AskAtlys
506,lhl
507,AlexNeilson14
508,AnsisMalins
509,Piotr_Jarecki
510,Francois_Polarczyk
511,symian
512,Edward_Hill
513,michaelbenton
514,that_dramebaaz_guy
515,ericbalkan
516,bluenorthern
517,Peter_Kisfaludi
518,Dave_Asprey
519,ethanwatters
520,Parkourler
521,Cornelius
522,denis
523,DeadEternally
524,wedsoncarlos
525,alex_u
526,Ruxi
527,Kcyxa
528,JamesSonger
529,rdebrecht
530,Rok
531,DaviddeSouza
532,magnush
533,cataloger1
534,LiFESCAPE
